Incident_ID,Date,Quarter,State,School_Level
20200727AZCAO,2020-07-27,Summer,Arizona,High
20200721SCBRO,2020-07-21,Summer,South Carolina,Elementary
20200714MIWID,2020-07-14,Summer,Michigan,Elementary
20200704INLAM,2020-07-04,Summer,Indiana,Elementary
20200701ILFRP,2020-07-01,Summer,Illinois,Elementary
20200627VAHAS,2020-06-27,Summer,Virginia,Middle
20200621INCOC,2020-06-21,Summer,Indiana,High
20200618INJOI,2020-06-18,Summer,Indiana,Elementary
20200616FLTOM,2020-06-16,Summer,Florida,Elementary
20200603IAGAD,2020-06-03,Summer,Iowa,Elementary
20200527OHLUC,2020-05-27,Spring,Ohio,Middle
20200525ALORM,2020-05-25,Spring,Alabama,Elementary
20200522OHMIC,2020-05-22,Spring,Ohio,Elementary
20200519VAWEM,2020-05-19,Spring,Virginia,Elementary
20200515NCSTC,2020-05-15,Spring,North Carolina,High
20200505CAGOV,2020-05-05,Spring,California,High
20210505SCWAW,2021-05-05,Spring,South Carolina,High
20200413NEMOO,2020-04-13,Spring,Nebraska,Middle
20200330GANAS,2020-03-30,Spring,Georgia,Elementary
20200324LAROM,2020-03-24,Spring,Louisiana,Elementary
20200318LABOS,2020-03-18,Spring,Louisiana,High
20200315TXATH,2020-03-15,Spring,Texas,High
20200313TNPIR,2020-03-13,Spring,Tennessee,Elementary
20200310PASHN,2020-03-10,Spring,Pennsylvania,Elementary
20200305FLSAW,2020-03-05,Spring,Florida,K-12
20200302TXNOF,2020-03-02,Spring,Texas,High
20200221NMCEA,2020-02-21,Winter,New Mexico,Other
20200215DCDUW,2020-02-15,Winter,Washington,High
20200212MOJOF,2020-02-12,Winter,Missouri,Elementary
20200205NHSEC,2020-02-05,Winter,New Hampshire,High
20200204LABEA,2020-02-04,Winter,Louisiana,High
20200203FLGEJ,2020-02-03,Winter,Florida,Elementary
20200201TXHIH,2020-02-01,Winter,Texas,Elementary
20200131CADEA,2020-01-31,Winter,California,High
20200128TXLUL,2020-01-28,Winter,Texas,High
20200128TNWHM,2020-01-28,Winter,Tennessee,High
20200128NYMAQ,2020-01-28,Winter,New York,High
20200127WAROY,2020-01-27,Winter,Washington,Elementary
20200123CAOXO,2020-01-23,Winter,California,Elementary
20200121NEPAL,2020-01-21,Winter,Nebraska,Middle
20200121ILLIC,2020-01-21,Winter,Illinois,High
20200119TXNOF,2020-01-19,Winter,Texas,High
20200117SCCAS,2020-01-17,Winter,South Carolina,High
20200117MITHH,2020-01-17,Winter,Michigan,Elementary
20200114TXPOM,2020-01-14,Winter,Texas,High
20200114TXBEH,2020-01-14,Winter,Texas,High
20200111TXELD,2020-01-11,Winter,Texas,High
20200110MSMCJ,2020-01-10,Winter,Mississippi,Middle
20200108FLGLB,2020-01-08,Winter,Florida,High
20200107WASOK,2020-01-07,Winter,Washington,High
20191228MOMAS,2019-12-28,Winter,Missouri,Middle
20191221LAWES,2019-12-21,Winter,Louisiana,Elementary
20191219FLLEN,2019-12-19,Winter,Florida,High
20191216CTCAN,2019-12-16,Winter,Connecticut,K-8
20191213VAMAN,2019-12-13,Winter,Virginia,High
20191211KSCHT,2019-12-11,Winter,Kansas,Middle
20191211INEVE,2019-12-11,Winter,Indiana,Elementary
20191210NJSAJ,2019-12-10,Winter,New Jersey,K-8
20191210KSJCK,2019-12-10,Winter,Kansas,High
20191210ALDED,2019-12-10,Winter,Alabama,High
20191204NMPIL,2019-12-04,Winter,New Mexico,High
20191203WITHM,2019-12-03,Winter,Wisconsin,Middle
20191203WIOSO,2019-12-03,Winter,Wisconsin,High
20191202WIWAW,2019-12-02,Winter,Wisconsin,High
20191201ALMOM,2019-12-01,Winter,Alabama,High
20191126WASAV,2019-11-26,Fall,Washington,Elementary
20191125ILCAC,2019-11-25,Fall,Illinois,Elementary
20191124CASEU,2019-11-24,Fall,California,Elementary
20191121ILRIO,2019-11-21,Fall,Illinois,High
20191115NJPLP,2019-11-15,Fall,New Jersey,High
20191114CASAS,2019-11-14,Fall,California,High
20201124NCHEH,2020-11-25,Fall,North Carolina,Middle
20191113CAESL,2019-11-13,Fall,California,High
20191111MDACB,2019-11-11,Fall,Maryland,High
20191108TXROD,2019-11-08,Fall,Texas,Elementary
20191108CAEDS,2019-11-08,Fall,California,High
20191029NYNEN,2019-10-29,Fall,New York,High
20191027MDLAL,2019-10-27,Fall,Maryland,Elementary
20191022CARIS,2019-10-22,Fall,California,High
20211011ORROP,2021-10-11,Fall,Oregon,High
20191018OHWOT,2019-10-18,Fall,Ohio,High
20191018GACRS,2019-10-18,Fall,Georgia,High
20191015LAGEN,2019-10-15,Fall,Louisiana,High
20191011LARAR,2019-10-11,Fall,Louisiana,High
20191009MAGRL,2019-10-09,Fall,Massachusetts,Elementary
20191008TXWEH,2019-10-08,Fall,Texas,High
20191008COSHS,2019-10-08,Fall,Colorado,High
20191002GASOA,2019-10-02,Fall,Georgia,High
20190927NCZEC,2019-09-27,Fall,North Carolina,High
20190920PASIP,2019-09-20,Fall,Pennsylvania,High
20190916VAPHH,2019-09-16,Fall,Virginia,High
20190916ILILK,2019-09-16,Fall,Illinois,
20190914TXEAF,2019-09-14,Fall,Texas,High
20190913VAETN,2019-09-13,Fall,Virginia,Middle
20190913UTGRW,2019-09-13,Fall,Utah,High
20190912KSMAM,2019-09-12,Fall,Kansas,High
20190910SCSOA,2019-09-10,Fall,South Carolina,High
20190906PAWEM,2019-09-06,Fall,Pennsylvania,High
20190906PAMCJ,2019-09-06,Fall,Pennsylvania,Middle
20190906ALCEC,2019-09-06,Fall,Alabama,High
20190902MDNOB,2019-09-02,Fall,Maryland,Elementary
20190830OHCET,2019-08-30,Summer,Ohio,High
20190830NCKIK,2019-08-30,Summer,North Carolina,High
20190830ALLAM,2019-08-30,Summer,Alabama,High
20210420TXHAH,2021-04-20,Spring,Texas,High
20190827NYROR,2019-08-27,Summer,New York,High
20190827CAHOL,2019-08-27,Summer,California,High
20190824PAWIP,2019-08-24,Summer,Pennsylvania,Elementary
20190823MOROS,2019-08-23,Summer,Missouri,High
20190823MOPAS,2019-08-23,Summer,Missouri,High
20190823GAPEC,2019-08-23,Summer,Georgia,Elementary
20190820PASAC,2019-08-20,Summer,Pennsylvania,High
20190817GALAA,2019-08-17,Summer,Georgia,High
20190815TNEAN,2019-08-15,Summer,Tennessee,High
20190808ALBLM,2019-08-08,Summer,Alabama,Elementary
20190719CAMOS,2019-07-19,Summer,California,Middle
20190711CTBUH,2019-07-11,Summer,Connecticut,High
20190702AKWIA,2019-07-02,Summer,Alaska,Elementary
20190701NYSCN,2019-07-01,Summer,New York,Elementary
20190629COJAC,2019-06-29,Summer,Colorado,Elementary
20190621MICAF,2019-06-21,Summer,Michigan,High
20190613NJTAW,2019-06-13,Summer,New Jersey,Elementary
20190612PAJEE,2019-06-12,Summer,Pennsylvania,Elementary
20190612DCHEW,2019-06-12,Summer,Washington,Elementary
20190610ILMEW,2019-06-10,Summer,Illinois,Other
20190606ILGEC,2019-06-06,Summer,Illinois,Elementary
20190530DCHEW,2019-05-30,Spring,Washington,Elementary
20190517ORPAP,2019-05-17,Spring,Oregon,High
20190517FLTEJ,2019-05-17,Spring,Florida,High
20190508ILSEC,2019-05-08,Spring,Illinois,High
20190507COSTH,2019-05-07,Spring,Colorado,K-12
20190430VACDW,2019-04-30,Spring,Virginia,High
20190430FLWEW,2019-04-30,Spring,Florida,Middle
20190426GACRF,2019-04-26,Spring,Georgia,High
20190425GAWYS,2019-04-25,Spring,Georgia,Elementary
20190424ARCOC,2019-04-24,Spring,Arkansas,High
20190417ILWAL,2019-04-17,Spring,Illinois,Middle
20190410TXROH,2019-04-10,Spring,Texas,High
20190407MAHOL,2019-04-07,Spring,Massachusetts,Elementary
20190405WISTM,2019-04-05,Spring,Wisconsin,Other
20190403FLSAJ,2019-04-03,Spring,Florida,Elementary
20190403COAUA,2019-04-03,Spring,Colorado,Unknown
20190401ARPRP,2019-04-01,Spring,Arkansas,High
20190327MSSVH,2019-03-27,Spring,Mississippi,Elementary
20190322ALBLB,2019-03-22,Spring,Alabama,Elementary
20190313FLLAO,2019-03-13,Spring,Florida,High
20190301KSHIM,2019-03-01,Spring,Kansas,Elementary
20190226ALROM,2019-02-26,Winter,Alabama,High
20190217COEAA,2019-02-17,Winter,Colorado,High
20190214NMV.R,2019-02-14,Winter,New Mexico,High
20190212MOCEK,2019-02-12,Winter,Missouri,High
20190208MDFRB,2019-02-08,Winter,Maryland,High
20190205MNMIM,2019-02-05,Winter,Minnesota,
20190131TXATA,2019-01-31,Winter,Texas,High
20190131TNMAM,2019-01-31,Winter,Tennessee,High
20190130GAMIL,2019-01-30,Winter,Georgia,High
20190125TNMAM,2019-01-25,Winter,Tennessee,High
20190125ALDAM,2019-01-25,Winter,Alabama,High
20190123LASOS,2019-01-23,Winter,Louisiana,Elementary
20190119KSLAO,2019-01-19,Winter,Kansas,Middle
20190118NCSHD,2019-01-18,Winter,North Carolina,Middle
20190118MOHAS,2019-01-18,Winter,Missouri,High
20190118ALCET,2019-01-18,Winter,Alabama,High
20190111ORCAE,2019-01-11,Winter,Oregon,Middle
20190107CACEB,2019-01-07,Winter,California,Elementary
20181218DEAIG,2018-12-18,Winter,Delaware,High
20181214MOWIK,2018-12-14,Winter,Missouri,High
20181213INDER,2018-12-13,Winter,Indiana,Middle
20181211KYCAC,2018-12-11,Winter,Kentucky,Elementary
20181210NYJEJ,2018-12-10,Winter,New York,High
20181128PASTP,2018-11-28,Fall,Pennsylvania,High
20181124OHAFC,2018-11-24,Fall,Ohio,K-12
20181122WAMOD,2018-11-22,Fall,Washington,High
20181122TXSKD,2018-11-22,Fall,Texas,High
20181121MIPEP,2018-11-21,Fall,Michigan,K-8
20181120VASIP,2018-11-20,Fall,Virginia,Elementary
20181112MDEAE,2018-11-12,Fall,Maryland,High
20181109GAGAM,2018-11-09,Fall,Georgia,Middle
20181108CACLS,2018-11-08,Fall,California,Elementary
20181105SCACC,2018-11-05,Fall,South Carolina,K-8
20181104KYCRL,2018-11-04,Fall,Kentucky,Elementary
20181029NCBUM,2018-10-29,Fall,North Carolina,High
20181025MICOD,2018-10-25,Fall,Michigan,High
20181023NHGOM,2018-10-23,Fall,New Hampshire,Elementary
20181022CTDUB,2018-10-22,Fall,Connecticut,Elementary
20181020GASHS,2018-10-20,Fall,Georgia,Middle
20181013TNMCN,2018-10-13,Fall,Tennessee,High
20181012MIBAB,2018-10-12,Fall,Michigan,Elementary
20181007VAVAH,2018-10-07,Fall,Virginia,High
20181005VALAN,2018-10-05,Fall,Virginia,High
20181005TNHAB,2018-10-05,Fall,Tennessee,High
20181004ORJAP,2018-10-04,Fall,Oregon,Elementary
20181003AKDEA,2018-10-03,Fall,Alaska,Elementary
20181002ARCHL,2018-10-02,Fall,Arkansas,Elementary
20180928SDCHC,2018-09-28,Fall,South Dakota,High
20180927TXHEC,2018-09-27,Fall,Texas,High
20180926MDMAB,2018-09-26,Fall,Maryland,Elementary
20180924PACEP,2018-09-24,Fall,Pennsylvania,High
20180924NCLAC,2018-09-24,Fall,North Carolina,Elementary
20180924GAAPB,2018-09-24,Fall,Georgia,High
20180920CAPOP,2018-09-20,Fall,California,High
20180920CACHL,2018-09-20,Fall,California,High
20180917ALBLH,2018-09-17,Fall,Alabama,Elementary
20180914WAMAE,2018-09-14,Fall,Washington,High
20180914FLBOB,2018-09-14,Fall,Florida,High
20180911NVCAL,2018-09-11,Fall,Nevada,High
20180910TNFAM,2018-09-10,Fall,Tennessee,High
20180910ILCHC,2018-09-10,Fall,Illinois,High
20180909CAGIG,2018-09-09,Fall,California,High
20180907IAHED,2018-09-07,Fall,Iowa,High
20180905RIPRP,2018-09-05,Fall,Rhode Island,High
20180903NYLUN,2018-09-03,Fall,New York,Elementary
20180831IANOE,2018-08-31,Summer,Iowa,Junior High
20180831CABAS,2018-08-31,Summer,California,High
20180830NCVIC,2018-08-30,Summer,North Carolina,Elementary
20180830MIOTG,2018-08-30,Summer,Michigan,High
20180829DETOD,2018-08-29,Summer,Delaware,Elementary
20180828COCOD,2018-08-28,Summer,Colorado,Middle
20180824ILMEC,2018-08-24,Summer,Illinois,High
20180824FLRAJ,2018-08-24,Summer,Florida,High
20180823ALALM,2018-08-23,Summer,Alabama,High
20180817FLPAW,2018-08-17,Summer,Florida,High
20180811TNANN,2018-08-11,Summer,Tennessee,High
20180809NJLAM,2018-08-09,Summer,New Jersey,Middle
20180804MDEDE,2018-08-04,Summer,Maryland,High
20180719WAWEY,2018-07-19,Summer,Washington,Middle
20180717WVHUH,2018-07-17,Summer,West Virginia,High
20180711OHMIM,2018-07-11,Summer,Ohio,Middle
20180703KSSUO,2018-07-03,Summer,Kansas,Elementary
20180701TNRAM,2018-07-01,Summer,Tennessee,Elementary
20180625OHFUS,2018-06-25,Summer,Ohio,Elementary
20180624MTSEM,2018-06-24,Summer,Montana,High
20180621TXSKD,2018-06-21,Summer,Texas,High
20180617ORGRP,2018-06-17,Summer,Oregon,High
20180615OHVAB,2018-06-15,Summer,Ohio,Elementary
20180601TXMCM,2018-06-01,Summer,Texas,High
20180525INNON,2018-05-25,Spring,Indiana,Middle
20180521GABEG,2018-05-21,Spring,Georgia,High
20180518TXSAS,2018-05-18,Spring,Texas,High
20180518GAMOA,2018-05-18,Spring,Georgia,High
20180517MOCEK,2018-05-17,Spring,Missouri,High
20180516ILDID,2018-05-16,Spring,Illinois,High
20180511CAHIP,2018-05-11,Spring,California,High
20180505MIFOF,2018-05-05,Spring,Michigan,High
20180503TNWAW,2018-05-03,Spring,Tennessee,High
20180503SDENW,2018-05-03,Spring,South Dakota,K-8
20180423GABEA,2018-04-23,Spring,Georgia,High
20180420FLFOO,2018-04-20,Spring,Florida,High
20210511CAVEL,2021-05-11,Spring,California,High
20180419MIJAJ,2018-04-19,Spring,Michigan,High
20180412MORAR,2018-04-12,Spring,Missouri,Middle
20180409NYGLG,2018-04-09,Spring,New York,Middle
20180329KYJOE,2018-03-29,Spring,Kentucky,High
20180328MSEUE,2018-03-28,Spring,Mississippi,High
20180320MDGRG,2018-03-20,Spring,Maryland,High
20180319VADOP,2018-03-19,Spring,Virginia,Elementary
20180316MTBIM,2018-03-16,Spring,Montana,High
20180313VAGEA,2018-03-13,Spring,Virginia,Middle
20180313CASES,2018-03-13,Spring,California,High
20180309KYFRL,2018-03-09,Spring,Kentucky,High
20180307ALHUB,2018-03-07,Spring,Alabama,High
20180305MOKIC,2018-03-05,Spring,Missouri,K-12
20180228GADAD,2018-02-28,Winter,Georgia,High
20180226WAOAT,2018-02-26,Winter,Washington,High
20180220OHJAM,2018-02-20,Winter,Ohio,Middle
20180215FLNOC,2018-02-15,Winter,Florida,K-12
20180214FLMAP,2018-02-14,Winter,Florida,High
20180209TNPEN,2018-02-09,Winter,Tennessee,High
20180208NYTHN,2018-02-08,Winter,New York,High
20180205MNHAM,2018-02-05,Winter,Minnesota,Elementary
20180205MDOXO,2018-02-05,Winter,Maryland,High
20180201CASAL,2018-02-01,Winter,California,Middle
20180131PALIP,2018-01-31,Winter,Pennsylvania,High
20180126MIDED,2018-01-26,Winter,Michigan,High
20180125ALMUM,2018-01-25,Winter,Alabama,High
20180123KYMAB,2018-01-23,Winter,Kentucky,High
20180122TXITI,2018-01-22,Winter,Texas,High
20180122LANEN,2018-01-22,Winter,Louisiana,High
20180116VTMOM,2018-01-16,Winter,Vermont,High
20180109AZCOS,2018-01-09,Winter,Arizona,Elementary
20180105IAFOF,2018-01-05,Winter,Iowa,
20180104WANES,2018-01-04,Winter,Washington,High
20171231WAPIM,2017-12-31,Winter,Washington,Elementary
20171231LAEDA,2017-12-31,Winter,Louisiana,High
20171227CALIL,2017-12-27,Winter,California,Elementary
20171219MIBEB,2017-12-19,Winter,Michigan,High
20171214TXELD,2017-12-14,Winter,Texas,Elementary
20171212TXSAP,2017-12-12,Winter,Texas,High
20171211NCHIH,2017-12-11,Winter,North Carolina,High
20171209ILCHC,2017-12-09,Winter,Illinois,High
20171207NMAZA,2017-12-07,Winter,New Mexico,High
20210426MNPLP,2021-04-26,Spring,Minnesota,Middle
20171130VASAV,2017-11-30,Fall,Virginia,High
20171129OHBAL,2017-11-29,Fall,Ohio,High
20171128CABOS,2017-11-28,Fall,California,Elementary
20171123COMAD,2017-11-23,Fall,Colorado,High
20171117TNNOJ,2017-11-17,Fall,Tennessee,High
20171114FLLAM,2017-11-14,Fall,Florida,High
20171114CARAR,2017-11-14,Fall,California,Elementary
20171110GALAM,2017-11-10,Fall,Georgia,Elementary
20171109GABEC,2017-11-09,Fall,Georgia,High
20171103MIPAL,2017-11-03,Fall,Michigan,Middle
20171027NYPRU,2017-10-27,Fall,New York,High
20171020OHSTT,2017-10-20,Fall,Ohio,High
20171014NCKEK,2017-10-14,Fall,North Carolina,Elementary
20171012NCCHC,2017-10-12,Fall,North Carolina,
20170930PAPUC,2017-09-30,Fall,Pennsylvania,Elementary
20170929MOLEL,2017-09-29,Fall,Missouri,High
20170929CASUL,2017-09-29,Fall,California,High
20170928KYSOL,2017-09-28,Fall,Kentucky,Middle
20170920ILMAM,2017-09-20,Fall,Illinois,High
20170913WAFRR,2017-09-13,Fall,Washington,High
20210104NYPEJ,2021-01-04,Winter,New York,6-12
20210407ILPEP,2021-04-07,Spring,Illinois,High
20170908OHCOC,2017-09-08,Fall,Ohio,6-12
20170908ARNON,2017-09-08,Fall,Arkansas,High
20170831CAARS,2017-08-31,Summer,California,High
20170817GALIL,2017-08-17,Summer,Georgia,High
20170801GABAV,2017-08-01,Summer,Georgia,High
20170721UTSPS,2017-07-21,Summer,Utah,High
20170719WIHIM,2017-07-19,Summer,Wisconsin,High
20170622SCWIF,2017-06-22,Summer,South Carolina,High
20170616ILWAC,2017-06-16,Summer,Illinois,Elementary
20170526OKMCT,2017-05-26,Spring,Oklahoma,High
20170524NEMCO,2017-05-24,Spring,Nebraska,Middle
20170524ALGRG,2017-05-24,Spring,Alabama,High
20170523TXKEK,2017-05-23,Spring,Texas,High
20170515LAMOL,2017-05-15,Spring,Louisiana,Elementary
20170415OKBOT,2017-04-15,Spring,Oklahoma,High
20170410CANOS,2017-04-10,Spring,California,Elementary
20170328PALIP,2017-03-28,Spring,Pennsylvania,Middle
20170321CAKIK,2017-03-21,Spring,California,High
20170316ALROM,2017-03-16,Spring,Alabama,High
20170218MNMAM,2017-02-18,Winter,Minnesota,Middle
20170206LASCB,2017-02-06,Winter,Louisiana,High
20170127SCSOA,2017-01-27,Winter,South Carolina,High
20170120OHWEW,2017-01-20,Winter,Ohio,High
20170117FLFRE,2017-01-17,Winter,Florida,Elementary
20170110ALALA,2017-01-10,Winter,Alabama,Middle
20170101DELAH,2017-01-01,Winter,Delaware,Elementary
20161209NVHUR,2016-12-09,Winter,Nevada,High
20161209MOBAS,2016-12-09,Winter,Missouri,High
20161201UTMUB,2016-12-01,Winter,Utah,Junior High
20161117MNCRS,2016-11-17,Fall,Minnesota,Elementary
20161111MIBAA,2016-11-11,Fall,Michigan,High
20161103COBEB,2016-11-03,Fall,Colorado,High
20161102COGRG,2016-11-02,Fall,Colorado,High
20161025UTUNS,2016-10-25,Fall,Utah,Middle
20161018CAJUS,2016-10-18,Fall,California,High
20161015GABEA,2016-10-15,Fall,Georgia,High
20161013OHLIC,2016-10-13,Fall,Ohio,High
20161011ALVIM,2016-10-11,Fall,Alabama,High
20161006TXDUF,2016-10-06,Fall,Texas,High
20160930ILCHC,2016-09-30,Fall,Illinois,High
20160928SCTOT,2016-09-28,Fall,South Carolina,Elementary
20160927OHELC,2016-09-27,Fall,Ohio,High
20160926MSTAJ,2016-09-26,Fall,Mississippi,High
20160909PASMY,2016-09-09,Fall,Pennsylvania,High
20160909IACEC,2016-09-09,Fall,Iowa,High
20160908TXALA,2016-09-08,Fall,Texas,High
20160907MIDED,2016-09-07,Fall,Michigan,High
20160902OKMCT,2016-09-02,Fall,Oklahoma,High
20160819FLSOM,2016-08-19,Summer,Florida,High
20160817OHWEC,2016-08-17,Summer,Ohio,Middle
20160725MOAVA,2016-07-25,Summer,Missouri,High
20160630CAWOH,2016-06-30,Summer,California,Junior High
20160616ILMCC,2016-06-16,Summer,Illinois,Elementary
20160608MAJED,2016-06-08,Summer,Massachusetts,High
20160515KSAUA,2016-05-15,Spring,Kansas,High
20160513SCSOG,2016-05-13,Spring,South Carolina,High
20160506IDROT,2016-05-06,Spring,Idaho,Middle
20160506FLOSP,2016-05-06,Spring,Florida,Elementary
20160505MDHIB,2016-05-05,Spring,Maryland,High
20160504COEAP,2016-05-04,Spring,Colorado,High
20160502TXKID,2016-05-02,Spring,Texas,High
20160423WIANA,2016-04-23,Spring,Wisconsin,High
20160315ALHUB,2016-03-15,Spring,Alabama,High
20160229OHMAM,2016-02-29,Winter,Ohio,High
20160226TXPAP,2016-02-26,Winter,Texas,High
20160217PACHC,2016-02-17,Winter,Pennsylvania,High
20160217FLROH,2016-02-17,Winter,Florida,Elementary
20160212AZING,2016-02-12,Winter,Arizona,High
20160209MIMUM,2016-02-09,Winter,Michigan,High
20160129PABEP,2016-01-29,Winter,Pennsylvania,High
20160122INLAI,2016-01-22,Winter,Indiana,High
20160120INNOI,2016-01-20,Winter,Indiana,High
20160113ARHAB,2016-01-13,Winter,Arkansas,High
20160112DECED,2016-01-12,Winter,Delaware,Middle
20151204KSWEW,2015-12-04,Winter,Kansas,High
20151120FLNAM,2015-11-20,Fall,Florida,High
20151111ARSUS,2015-11-11,Fall,Arkansas,Unknown
20151105GAVEM,2015-11-05,Fall,Georgia,Other
20151024TXEDS,2015-10-24,Fall,Texas,Middle
20151015TXKAS,2015-10-15,Fall,Texas,High
20150930SDHAH,2015-09-30,Fall,South Dakota,High
20150922NCCES,2015-09-22,Fall,North Carolina,Elementary
20150911LANOL,2015-09-11,Fall,Louisiana,High
20150903ORNEN,2015-09-03,Fall,Oregon,High
20150825GAWSA,2015-08-25,Summer,Georgia,Elementary
20150823TXWIR,2015-08-23,Summer,Texas,Elementary
20150808TXPAP,2015-08-08,Summer,Texas,High
20150724TXELC,2015-07-24,Summer,Texas,Elementary
20150705TXCOD,2015-07-05,Summer,Texas,High
20150629TXJOS,2015-06-29,Summer,Texas,High
20150627CTSAH,2015-06-27,Summer,Connecticut,Elementary
20150623NEFOF,2015-06-23,Summer,Nebraska,Elementary
20150604NCSOF,2015-06-04,Summer,North Carolina,Elementary
20150527FLEVE,2015-05-27,Spring,Florida,K-12
20150524MISOF,2015-05-24,Spring,Michigan,Elementary
20150520TXROR,2015-05-20,Spring,Texas,High
20150512FLUNJ,2015-05-12,Spring,Florida,
20150512AZCOT,2015-05-12,Spring,Arizona,High
20150505GACOC,2015-05-05,Spring,Georgia,Middle
20150504OHWIC,2015-05-04,Spring,Ohio,Elementary
20150428MDDRW,2015-04-28,Spring,Maryland,Elementary
20150427WANOL,2015-04-27,Spring,Washington,High
20150422NVRUL,2015-04-22,Spring,Nevada,Elementary
20150417TXSES,2015-04-17,Spring,Texas,High
20150330MOPEU,2015-03-30,Spring,Missouri,Elementary
20150215CATEM,2015-02-15,Winter,California,Middle
20150215ARLAL,2015-02-15,Winter,Arkansas,Elementary
20150204MDFRF,2015-02-04,Winter,Maryland,High
20150126MNHAR,2015-01-26,Winter,Minnesota,Other
20150122SCROH,2015-01-22,Winter,South Carolina,K-12
20150120ALWIM,2015-01-20,Winter,Alabama,High
20150116FLVAO,2015-01-16,Winter,Florida,High
20150115WIWIM,2015-01-15,Winter,Wisconsin,High
20141217MIGOW,2014-12-17,Winter,Michigan,High
20141217MEBEW,2014-12-17,Winter,Maine,Elementary
20141216PASUP,2014-12-16,Winter,Pennsylvania,Elementary
20141212ORROP,2014-12-12,Winter,Oregon,High
20141120FLMIM,2014-11-20,Fall,Florida,High
20141024WAMAM,2014-10-24,Fall,Washington,High
20141024GALAA,2014-10-24,Fall,Georgia,High
20141021TNAMM,2014-10-21,Fall,Tennessee,Middle
20141003GALAF,2014-10-03,Fall,Georgia,High
20140930NCALA,2014-09-30,Fall,North Carolina,High
20140930KYFEL,2014-09-30,Fall,Kentucky,High
20140925NHWEM,2014-09-25,Fall,New Hampshire,High
20140919IANOD,2014-09-19,Fall,Iowa,High
20140911UTWET,2014-09-11,Fall,Utah,Elementary
20140910FLGRL,2014-09-10,Fall,Florida,Middle
20140909FLSTM,2014-09-09,Fall,Florida,High
20140814VASAN,2014-08-14,Summer,Virginia,Elementary
20140813MDHEF,2014-08-13,Summer,Maryland,High
20140623MOKEB,2014-06-23,Summer,Missouri,High
20140610ORRET,2014-06-10,Summer,Oregon,High
20140521WICLM,2014-05-21,Spring,Wisconsin,Elementary
20140514CAJOR,2014-05-14,Spring,California,High
20140503WAHOE,2014-05-03,Spring,Washington,Elementary
20140421UTPRP,2014-04-21,Spring,Utah,High
20140421INSTG,2014-04-21,Spring,Indiana,High
20140411MIEAD,2014-04-11,Spring,Michigan,Unknown
20140410OHLIC,2014-04-10,Spring,Ohio,Elementary
20140409NCDHG,2014-04-09,Spring,North Carolina,High
20140403NJUNN,2014-04-03,Spring,New Jersey,
20140325GABEC,2014-03-25,Spring,Georgia,High
20140312FLACM,2014-03-12,Spring,Florida,Other
20140307LAMAT,2014-03-07,Spring,Louisiana,High
20140220MIRAR,2014-02-20,Winter,Michigan,High
20140211OHCHL,2014-02-11,Winter,Ohio,High
20140210NCSAS,2014-02-10,Winter,North Carolina,High
20140207ORBEB,2014-02-07,Winter,Oregon,High
20140131IANOD,2014-01-31,Winter,Iowa,High
20140131AZCEP,2014-01-31,Winter,Arizona,High
20140128HIPRH,2014-01-28,Winter,Hawaii,High
20140127ILREC,2014-01-27,Winter,Illinois,High
20140117PADEP,2014-01-17,Winter,Pennsylvania,High
20140114PAKIL,2014-01-14,Winter,Pennsylvania,Elementary
20140114NMBER,2014-01-14,Winter,New Mexico,Middle
20140114LASTB,2014-01-14,Winter,Louisiana,High
20140113CTHIN,2014-01-13,Winter,Connecticut,High
20140109TNLIJ,2014-01-09,Winter,Tennessee,High
20131219CAEDF,2013-12-19,Winter,California,High
20131213COARC,2013-12-13,Winter,Colorado,High
20131204FLWEW,2013-12-04,Winter,Florida,High
20131113PABRP,2013-11-13,Fall,Pennsylvania,High
20131103GASTL,2013-11-03,Fall,Georgia,High
20131101IAALA,2013-11-01,Fall,Iowa,High
20131023CANEC,2013-10-23,Fall,California,Elementary
20131021NVSPS,2013-10-21,Fall,Nevada,Middle
20131015TXLAA,2013-10-15,Fall,Texas,High
20131004FLAGP,2013-10-04,Fall,Florida,K-12
20131002NHWIS,2013-10-02,Fall,New Hampshire,
20130928MENEG,2013-09-28,Fall,Maine,High
20130927ILROC,2013-09-27,Fall,Illinois,High
20130830NCCAW,2013-08-30,Summer,North Carolina,High
20130823MSNOS,2013-08-23,Summer,Mississippi,High
20130822TNWEM,2013-08-22,Summer,Tennessee,Elementary
20130820GAROD,2013-08-20,Summer,Georgia,Elementary
20130815TNNOC,2013-08-15,Summer,Tennessee,Middle
20130619FLALW,2013-06-19,Summer,Florida,High
20130618NCHIC,2013-06-18,Summer,North Carolina,Elementary
20130523FLREH,2013-05-23,Spring,Florida,Middle
20130513ALOSB,2013-05-13,Spring,Alabama,Middle
20130430NMTUT,2013-04-30,Spring,New Mexico,Elementary
20130429OHLAC,2013-04-29,Spring,Ohio,High
20130416TXTET,2013-04-16,Spring,Texas,High
20130321MIDAS,2013-03-21,Spring,Michigan,Middle
20130227GAGRA,2013-02-27,Winter,Georgia,High
20130213CAHIS,2013-02-13,Winter,California,Elementary
20130201MIMAD,2013-02-01,Winter,Michigan,High
20130131GAPRA,2013-01-31,Winter,Georgia,Middle
20130111MIOSD,2013-01-11,Winter,Michigan,High
20130110CATAT,2013-01-10,Winter,California,High
20130107FLAPF,2013-01-07,Winter,Florida,K-8
20121214CTSAN,2012-12-14,Winter,Connecticut,Elementary
20121210TXSPH,2012-12-10,Winter,Texas,High
20121019ILBAC,2012-10-19,Fall,Illinois,Other
20121012NDFAF,2012-10-12,Fall,North Dakota,High
20120926OKSTS,2012-09-26,Fall,Oklahoma,Junior High
20120907ILNON,2012-09-07,Fall,Illinois,High
20120827MDPEP,2012-08-27,Summer,Maryland,High
20120824GABAH,2012-08-24,Summer,Georgia,High
20120816TNHAM,2012-08-16,Summer,Tennessee,High
20120706RINAP,2012-07-06,Summer,Rhode Island,Elementary
20120525NCMAC,2012-05-25,Spring,North Carolina,Elementary
20120525AZWEA,2012-05-25,Spring,Arizona,High
20120401ARKIR,2012-04-01,Spring,Arkansas,Middle
20120315ALLEM,2012-03-15,Spring,Alabama,High
20120306FLEPJ,2012-03-06,Spring,Florida,Unknown
20120227OHCHC,2012-02-27,Winter,Ohio,High
20120222WAARB,2012-02-22,Winter,Washington,Elementary
20120210NHWAW,2012-02-10,Winter,New Hampshire,Elementary
20120110TXNOH,2012-01-10,Winter,Texas,High
20120104TXCUB,2012-01-04,Winter,Texas,Middle
20111228MINOF,2011-12-28,Winter,Michigan,High
20111212TXHAE,2011-12-12,Winter,Texas,Middle
20111024NCCAF,2011-10-24,Fall,North Carolina,High
20110930ORWIP,2011-09-30,Fall,Oregon,High
20110930NCGAC,2011-09-30,Fall,North Carolina,High
20110923WAISS,2011-09-23,Fall,Washington,High
20110523HIHIP,2011-05-23,Spring,Hawaii,Middle
20110517WAHOE,2011-05-17,Spring,Washington,Elementary
20110419TXBEH,2011-04-19,Spring,Texas,Elementary
20110413FLSHA,2011-04-13,Spring,Florida,High
20110330TXWOH,2011-03-30,Spring,Texas,High
20110325INMAM,2011-03-25,Spring,Indiana,Middle
20110202CALOP,2011-02-02,Winter,California,Elementary
20110118CAGAL,2011-01-18,Winter,California,High
20110105NEMIO,2011-01-05,Winter,Nebraska,High
20110104INCRC,2011-01-04,Winter,Indiana,K-12
20101206COAUA,2010-12-06,Winter,Colorado,High
20101129WIMAM,2010-11-29,Fall,Wisconsin,High
20101023KSTOT,2010-10-23,Fall,Kansas,High
20101008CAKEC,2010-10-08,Fall,California,Elementary
20101001CAALS,2010-10-01,Fall,California,High
20100921SCSOC,2010-09-21,Fall,South Carolina,High
20100908MIMUD,2010-09-08,Fall,Michigan,High
20100830TNSUB,2010-08-30,Summer,Tennessee,High
20100518CASOS,2010-05-18,Spring,California,High
20100428VAWOP,2010-04-28,Spring,Virginia,High
20100226WABIT,2010-02-26,Winter,Washington,Elementary
20100223CODEL,2010-02-23,Winter,Colorado,Middle
20100210TNINK,2010-02-10,Winter,Tennessee,High
20100205ALDIM,2010-02-05,Winter,Alabama,Middle
20100120ALLIL,2010-01-20,Winter,Alabama,High
20091211LABOS,2009-12-11,Winter,Louisiana,High
20091106PAHAW,2009-11-06,Fall,Pennsylvania,High
20091030CAWIL,2009-10-30,Fall,California,High
20091016SCCAC,2009-10-16,Fall,South Carolina,High
20091008NYMAM,2009-10-08,Fall,New York,6-12
20090916VAVIG,2009-09-16,Fall,Virginia,High
20090908CTSTS,2009-09-08,Fall,Connecticut,High
20090827NCWEF,2009-08-27,Summer,North Carolina,High
20090624IAAPP,2009-06-24,Summer,Iowa,High
20090615CAINS,2009-06-15,Summer,California,Other
20090518LALAL,2009-05-18,Spring,Louisiana,Middle
20090505NYCAC,2009-05-05,Spring,New York,High
20090501WISHS,2009-05-01,Spring,Wisconsin,High
20090413CALOL,2009-04-13,Spring,California,High
20090311TXCYH,2009-03-11,Spring,Texas,High
20090310FLRIJ,2009-03-10,Spring,Florida,High
20090306NCWEF,2009-03-06,Spring,North Carolina,High
20090302SDROS,2009-03-02,Spring,South Dakota,Elementary
20090223CTBRN,2009-02-23,Winter,Connecticut,High
20090220CAJOH,2009-02-20,Winter,California,Elementary
20090217MICED,2009-02-17,Winter,Michigan,High
20090211NCSCZ,2009-02-11,Winter,North Carolina,Other
20090210CABAE,2009-02-10,Winter,California,Elementary
20090127NCCLC,2009-01-27,Winter,North Carolina,High
20090123ILCAC,2009-01-23,Winter,Illinois,High
20090120PAEAE,2009-01-20,Winter,Pennsylvania,High
20090120MIBEM,2009-01-20,Winter,Michigan,High
20090120ILCOC,2009-01-20,Winter,Illinois,High
20090114ILPEC,2009-01-14,Winter,Illinois,Middle
20090109ILDUC,2009-01-09,Winter,Illinois,High
20090108DEWIN,2009-01-08,Winter,Delaware,High
20081231OKKEN,2008-12-31,Winter,Oklahoma,Elementary
20081231GASHS,2008-12-31,Winter,Georgia,Middle
20081227PAWIP,2008-12-27,Winter,Pennsylvania,Elementary
20081222FLLAL,2008-12-22,Winter,Florida,Middle
20081221SCSUS,2008-12-21,Winter,South Carolina,High
20081212NYWIM,2008-12-12,Winter,New York,High
20081212NCGUA,2008-12-12,Winter,North Carolina,Elementary
20081205MNSHF,2008-12-05,Winter,Minnesota,Other
20081202CAKIK,2008-12-02,Winter,California,High
20081130CAOAG,2008-11-30,Fall,California,Elementary
20081125TXNOH,2008-11-25,Fall,Texas,High
20081118CACOO,2008-11-18,Fall,California,Middle
20081118CACEC,2008-11-18,Fall,California,High
20081115UTDES,2008-11-15,Fall,Utah,High
20081115COTHL,2008-11-15,Fall,Colorado,High
20081112FLDIF,2008-11-12,Fall,Florida,High
20081103CAELO,2008-11-03,Fall,California,Elementary
20081103CABEB,2008-11-03,Fall,California,High
20081031MESTS,2008-10-31,Fall,Maine,Elementary
20081029CAELG,2008-10-29,Fall,California,Elementary
20081023ALPRP,2008-10-23,Fall,Alabama,Other
20081020CAVAA,2008-10-20,Fall,California,High
20081016MIHED,2008-10-16,Fall,Michigan,High
20080919CAGEA,2008-09-19,Fall,California,High
20080915CAMIS,2008-09-15,Fall,California,High
20080902OHSOW,2008-09-02,Fall,Ohio,High
20080821TNCEK,2008-08-21,Fall,Tennessee,High
20080814WALAF,2008-08-14,Summer,Washington,Middle
20080811WAWAK,2008-08-11,Summer,Washington,Elementary
20080516LAMAT,2008-05-16,Spring,Louisiana,High
20080416CAROF,2008-04-16,Spring,California,High
20080306ALDAM,2008-03-06,Spring,Alabama,High
20080214CAEOO,2008-02-12,Winter,California,Junior High
20080211TNMIM,2008-02-11,Winter,Tennessee,High
20080204TNHAM,2008-02-04,Winter,Tennessee,High
20071221CABAU,2007-12-21,Winter,California,Middle
20071126NYHOH,2007-11-26,Fall,New York,High
20071105LAJOR,2007-11-05,Fall,Louisiana,K-12
20071024TNMAM,2007-10-24,Fall,Tennessee,High
20071010OHSUC,2007-10-10,Fall,Ohio,Other
20071001CTPLM,2007-10-01,Fall,Connecticut,High
20070930AZSSP,2007-09-30,Fall,Arizona,K-8
20070928CALAO,2007-09-28,Fall,California,High
20070804NJMON,2007-08-04,Summer,New Jersey,High
20070709ILCAC,2007-07-09,Summer,Illinois,Elementary
20070628TXDAD,2007-06-28,Summer,Texas,High
20070617SCBRB,2007-06-17,Summer,South Carolina,Elementary
20070531NCNOG,2007-05-31,Spring,North Carolina,Middle
20070530NCVAG,2007-05-30,Spring,North Carolina,Elementary
20070523RIOAC,2007-05-23,Spring,Rhode Island,Elementary
20070515TXLIL,2007-05-15,Spring,Texas,Middle
20070512TXWEM,2007-05-12,Spring,Texas,High
20070510MIHED,2007-05-10,Spring,Michigan,High
20070504TXTIE,2007-05-04,Spring,Texas,High
20070503OHGED,2007-05-03,Spring,Ohio,Elementary
20070418NCNOH,2007-04-18,Spring,North Carolina,High
20070410ORSPG,2007-04-10,Spring,Oregon,High
20070410ILCHC,2007-04-10,Spring,Illinois,Other
20070329SCMYM,2007-03-29,Spring,South Carolina,High
20070327CTSAH,2007-03-27,Spring,Connecticut,Elementary
20070323FLUNO,2007-03-23,Spring,Florida,Elementary
20070308TNEAC,2007-03-08,Spring,Tennessee,High
20070307TXGRG,2007-03-07,Spring,Texas,High
20070307MIHEM,2007-03-07,Spring,Michigan,High
20070307CACEC,2007-03-07,Spring,California,High
20070227GACLA,2007-02-27,Winter,Georgia,Elementary
20070226CASLA,2007-02-26,Winter,California,Middle
20070208TXSTP,2007-02-08,Winter,Texas,Middle
20070208ORCRP,2007-02-08,Winter,Oregon,High
20070207FLPAJ,2007-02-07,Winter,Florida,Middle
20070131ILHIC,2007-01-31,Winter,Illinois,High
20070124TNHAS,2007-01-24,Winter,Tennessee,High
20070118PAWIP,2007-01-18,Winter,Pennsylvania,High
20070109NVWEL,2007-01-09,Winter,Nevada,High
20070109CAGRV,2007-01-09,Winter,California,High
20070108OHROC,2007-01-08,Winter,Ohio,High
20070104MINOD,2007-01-04,Winter,Michigan,High
20070103WAHET,2007-01-03,Winter,Washington,High
20070102NCWEF,2007-01-02,Winter,North Carolina,High
20061214PAMCC,2006-12-14,Winter,Pennsylvania,High
20061213PABAB,2006-12-13,Winter,Pennsylvania,High
20061212PASPS,2006-12-12,Winter,Pennsylvania,High
20061211ILCLC,2006-12-11,Winter,Illinois,High
20061207NENOO,2006-12-07,Winter,Nebraska,High
20061201NCJOT,2006-12-01,Winter,North Carolina,High
20061122GASAA,2006-11-22,Fall,Georgia,Middle
20061111CALIO,2006-11-11,Fall,California,High
20061031TNHAK,2006-10-31,Fall,Tennessee,High
20061017TXSEK,2006-10-17,Fall,Texas,High
20061012MDGRB,2006-10-12,Fall,Maryland,Elementary
20061010NYPOP,2006-10-10,Fall,New York,Middle
20061009MOMEJ,2006-10-09,Fall,Missouri,Middle
20061002PAWEN,2006-10-02,Fall,Pennsylvania,K-12
20060929WIWEC,2006-09-29,Fall,Wisconsin,High
20060927COPLB,2006-09-27,Fall,Colorado,High
20060921DCCAW,2006-09-21,Fall,Washington,High
20060913MOWEC,2006-09-13,Fall,Missouri,High
20060908TXSOF,2006-09-08,Fall,Texas,High
20060905TNKIM,2006-09-05,Fall,Tennessee,Middle
20060831ALOXO,2006-08-31,Summer,Alabama,High
20060830NCORH,2006-08-30,Summer,North Carolina,High
20060829DCANW,2006-08-29,Summer,Washington,High
20060824VTESE,2006-08-24,Summer,Vermont,Elementary
20060821INCAN,2006-08-21,Summer,Indiana,High
20060820GALYH,2006-08-20,Summer,Georgia,High
20060819OHSOY,2006-08-19,Summer,Ohio,High
20060817TXMEA,2006-08-17,Summer,Texas,Middle
20060815KYJTV,2006-08-15,Summer,Kentucky,Middle
20060731FLYOT,2006-07-31,Summer,Florida,Middle
20060615MIPED,2006-06-15,Summer,Michigan,High
20060606INWIG,2006-06-06,Summer,Indiana,High
20060605CAVEL,2006-06-05,Summer,California,High
20060525PANON,2006-05-25,Spring,Pennsylvania,High
20060522SCBUI,2006-05-22,Spring,South Carolina,High
20060505FLPAM,2006-05-05,Spring,Florida,High
20060424NCEAC,2006-04-24,Spring,North Carolina,High
20060418TXWEH,2006-04-18,Spring,Texas,High
20060405DCROW,2006-04-05,Spring,Washington,High
20060314NVPIR,2006-03-14,Spring,Nevada,Middle
20060310NYISN,2006-03-10,Spring,New York,Middle
20060223ORROR,2006-02-23,Winter,Oregon,High
20060221PAWEP,2006-02-21,Winter,Pennsylvania,High
20060215PAWEY,2006-02-15,Winter,Pennsylvania,High
20060209DEWIN,2006-02-09,Winter,Delaware,High
20060203CALOC,2006-02-03,Winter,California,Elementary
20060130MTCMG,2006-01-30,Winter,Montana,High
20060127TXLAG,2006-01-27,Winter,Texas,High
20060123CAWIV,2006-01-23,Winter,California,High
20060119OHWIC,2006-01-19,Winter,Ohio,High
20060118VAINC,2006-01-18,Winter,Virginia,High
20060118TXPAA,2006-01-18,Winter,Texas,Elementary
20060118MTFRA,2006-01-18,Winter,Montana,Middle
20060113MIOSD,2006-01-13,Winter,Michigan,High
20060113FLMIL,2006-01-13,Winter,Florida,Middle
20060113ALPIP,2006-01-13,Winter,Alabama,High
20060111WIMAM,2006-01-11,Winter,Wisconsin,K-8
20060110DEMOW,2006-01-10,Winter,Delaware,High
20060103NJLIJ,2006-01-03,Winter,New Jersey,High
20051206MICED,2005-12-06,Winter,Michigan,High
20051206CASAG,2005-12-06,Winter,California,High
20051205MABOR,2005-12-05,Winter,Massachusetts,High
20051116TXIRS,2005-11-16,Fall,Texas,Middle
20051115FLPAM,2005-11-15,Fall,Florida,High
20051108TNCAJ,2005-11-08,Fall,Tennessee,High
20051028NYFAF,2005-10-28,Fall,New York,High
20051028MDANA,2005-10-28,Fall,Maryland,High
20051027CABIF,2005-10-27,Fall,California,Elementary
20051020MISAS,2005-10-20,Fall,Michigan,High
20051019CASAS,2005-10-19,Fall,California,High
20051014NYSAN,2005-10-14,Fall,New York,High
20051011MIFAF,2005-10-11,Fall,Michigan,High
20050924MISAS,2005-09-24,Fall,Michigan,High
20050913ILHAC,2005-09-13,Fall,Illinois,High
20050902FLSOJ,2005-09-02,Fall,Florida,High
20050901AKDIA,2005-09-01,Fall,Alaska,High
20050825TNMAD,2005-08-25,Summer,Tennessee,Middle
20050819GAMOM,2005-08-19,Summer,Georgia,High
20050817CAPLB,2005-08-17,Summer,California,Elementary
20050816VICOE,2005-08-16,Summer,Virgin Islands,High
20050718NJWEN,2005-07-18,Summer,New Jersey,High
20050612NJBAA,2005-06-12,Summer,New Jersey,Elementary
20050608NYARP,2005-06-08,Summer,New York,High
20050524LABOS,2005-05-24,Spring,Louisiana,High
20050524COACD,2005-05-24,Spring,Colorado,Other
20050520ILLOM,2005-05-20,Spring,Illinois,Elementary
20050517PAHIL,2005-05-17,Spring,Pennsylvania,Elementary
20050514TXBER,2005-05-14,Spring,Texas,High
20050429OHDAC,2005-04-29,Spring,Ohio,High
20050427LALER,2005-04-27,Spring,Louisiana,High
20050407TXCAC,2005-04-07,Spring,Texas,High
20050330TNEAM,2005-03-30,Spring,Tennessee,High
20050324TNFAM,2005-03-24,Spring,Tennessee,High
20050321NYNEB,2005-03-21,Spring,New York,High
20050321MNRER,2005-03-21,Spring,Minnesota,High
20050317LAOPA,2005-03-17,Spring,Louisiana,High
20050317CALOL,2005-03-17,Spring,California,High
20050316PACAP,2005-03-16,Spring,Pennsylvania,High
20050314OHLEC,2005-03-14,Spring,Ohio,Elementary
20050310TXZAD,2005-03-10,Spring,Texas,Elementary
20050309TNMAN,2005-03-09,Spring,Tennessee,High
20050302TNSTD,2005-03-02,Spring,Tennessee,High
20050208ILBOC,2005-02-08,Winter,Illinois,High
20050204GAMCA,2005-02-04,Winter,Georgia,High
20050126ILWOP,2005-01-26,Winter,Illinois,High
20050105PAMUN,2005-01-05,Winter,Pennsylvania,High
20041231TXRIR,2004-12-31,Winter,Texas,Other
20041213LALAL,2004-12-13,Winter,Louisiana,High
20041209WALAS,2004-12-09,Winter,Washington,High
20041119FLTEJ,2004-11-19,Fall,Florida,High
20041117FLAPA,2004-11-17,Fall,Florida,Middle
20041116SCBAB,2004-11-16,Fall,South Carolina,High
20041115INBRG,2004-11-15,Fall,Indiana,Elementary
20041115ALPAB,2004-11-15,Fall,Alabama,High
20041022CATYH,2004-10-22,Fall,California,Elementary
20041021MDTHB,2004-10-21,Fall,Maryland,High
20041015CABIB,2004-10-15,Fall,California,High
20041012CALAS,2004-10-12,Fall,California,Elementary
20041007MANEN,2004-10-07,Fall,Massachusetts,High
20041002NEJEG,2004-10-02,Fall,Nebraska,Elementary
20040915INWIG,2004-09-15,Fall,Indiana,High
20040912LABON,2004-09-12,Fall,Louisiana,High
20040830ILPRM,2004-08-30,Summer,Illinois,High
20040824TNHAM,2004-08-24,Summer,Tennessee,High
20040803ALHUB,2004-08-03,Summer,Alabama,High
20040609CACAO,2004-06-09,Summer,California,High
20040524UTWES,2004-05-24,Spring,Utah,High
20040512CAEAM,2004-05-12,Spring,California,K-12
20040507MDRAR,2004-05-07,Spring,Maryland,High
20040504TXKAH,2004-05-04,Spring,Texas,High
20040317WACRJ,2004-03-17,Spring,Washington,Junior High
20040305CASAL,2004-03-05,Spring,California,High
20040220LAGAS,2004-02-20,Winter,Louisiana,K-12
20040213OHCOD,2004-02-13,Winter,Ohio,High
20040211PATMP,2004-02-11,Winter,Pennsylvania,Elementary
20040209NYCOE,2004-02-09,Winter,New York,High
20040206LAFAS,2004-02-06,Winter,Louisiana,High
20040203TXYOH,2004-02-03,Winter,Texas,Elementary
20040202DCBAW,2004-02-02,Winter,Washington,High
20040121NVFAH,2004-01-21,Winter,Nevada,Elementary
20040115CAPOP,2004-01-15,Winter,California,High
20031229FLABE,2003-12-29,Winter,Florida,Elementary
20031222NJCOW,2003-12-22,Winter,New Jersey,High
20031217MDOLM,2003-12-17,Winter,Maryland,High
20031205ILCAC,2003-12-05,Winter,Illinois,High
20031204OKDOO,2003-12-04,Winter,Oklahoma,High
20031202ILFEC,2003-12-02,Winter,Illinois,Elementary
20031113NCEAC,2003-11-13,Fall,North Carolina,High
20031108TXHIS,2003-11-08,Fall,Texas,High
20031030DCANW,2003-10-30,Fall,Washington,High
20031029LAMAM,2003-10-29,Fall,Louisiana,High
20031007OHKEA,2003-10-07,Fall,Ohio,High
20031001CARIS,2003-10-01,Fall,California,High
20030925NCBUL,2003-09-25,Fall,North Carolina,Middle
20030924MNROC,2003-09-24,Fall,Minnesota,High
20030922WALES,2003-09-22,Fall,Washington,High
20030917MDOKE,2003-09-17,Fall,Maryland,Middle
20030917MACHB,2003-09-17,Fall,Massachusetts,K-12
20030910MSVIV,2003-09-10,Fall,Mississippi,High
20030604PAROW,2003-06-04,Summer,Pennsylvania,Middle
20030513PAFOJ,2003-05-13,Spring,Pennsylvania,High
20030424PARER,2003-04-24,Spring,Pennsylvania,Junior High
20030416TXGRA,2003-04-16,Spring,Texas,Middle
20030414LAJON,2003-04-14,Spring,Louisiana,High
20030414LAFAS,2003-04-14,Spring,Louisiana,High
20030401DCCAW,2003-04-01,Spring,Washington,High
20030330CAROW,2003-03-30,Spring,California,High
20030321MSNOM,2003-03-21,Spring,Mississippi,High
20030318IACLG,2003-03-18,Spring,Iowa,High
20030205CORAW,2003-02-05,Winter,Colorado,High
20030130OKJEJ,2003-01-30,Winter,Oklahoma,High
20030121KYWEO,2003-01-21,Winter,Kentucky,Middle
20021216ILENC,2002-12-16,Winter,Illinois,High
20021212WAWIC,2002-12-12,Winter,Washington,Middle
20021202MIOSD,2002-12-02,Winter,Michigan,High
20021115TXSCS,2002-11-15,Fall,Texas,High
20021115CAAML,2002-11-15,Fall,California,Elementary
20021107MOSTL,2002-11-07,Fall,Missouri,K-8
20021029NJLIJ,2002-10-29,Fall,New Jersey,High
20021007MDBEB,2002-10-07,Fall,Maryland,Middle
20021004TXPAS,2002-10-04,Fall,Texas,High
20021004MTCMG,2002-10-04,Fall,Montana,High
20020426LAABN,2002-04-26,Spring,Louisiana,High
20020406MDLEB,2002-04-06,Spring,Maryland,Elementary
20020322CAJOC,2002-03-22,Spring,California,Middle
20020207ILROC,2002-02-07,Winter,Illinois,High
20020206CAGAL,2002-02-06,Winter,California,High
20020201TXBRB,2002-02-01,Winter,Texas,High
20020124PAOLO,2002-01-24,Winter,Pennsylvania,High
20020115NYMAN,2002-01-15,Winter,New York,High
20020111MSRAJ,2002-01-11,Winter,Mississippi,High
20011130TXFRF,2001-11-30,Fall,Texas,High
20011112MICAC,2001-11-12,Fall,Michigan,High
20011026MIBES,2001-10-26,Fall,Michigan,High
20011026CARER,2001-10-26,Fall,California,High
20011012UTTAT,2001-10-12,Fall,Utah,High
20010921MDLAB,2001-09-21,Fall,Maryland,High
20010912KYLAC,2001-09-12,Fall,Kentucky,Elementary
20010730CABEL,2001-07-30,Summer,California,High
20010607TXOUA,2001-06-07,Summer,Texas,High
20010515TXENE,2001-05-15,Spring,Texas,High
20010425OHJOC,2001-04-25,Spring,Ohio,High
20010420LAMOM,2001-04-20,Spring,Louisiana,High
20010410WAWAM,2001-04-10,Spring,Washington,High
20010402TXKLH,2001-04-02,Spring,Texas,High
20010330INLEG,2001-03-30,Spring,Indiana,High
20010322CAGRE,2001-03-22,Spring,California,High
20010307WAKEC,2001-03-07,Spring,Washington,High
20010307PABIW,2001-03-07,Spring,Pennsylvania,High
20010306MDLAL,2001-03-06,Spring,Maryland,High
20010305CASAS,2001-03-05,Spring,California,High
20010302CAHOS,2001-03-02,Spring,California,High
20010202MIOSD,2001-02-02,Winter,Michigan,High
20010117MDLAB,2001-01-17,Winter,Maryland,High
20010110CAHUO,2001-01-10,Winter,California,High
20010103CABAS,2001-01-03,Winter,California,High
20001221FLNOM,2000-12-21,Winter,Florida,Elementary
20001207CARIR,2000-12-07,Winter,California,High
20001201CAJUS,2000-12-01,Winter,California,High
20001201CAGRL,2000-12-01,Winter,California,High
20001101TXNEC,2000-11-01,Fall,Texas,High
20001024AZPIG,2000-10-24,Fall,Arizona,Elementary
20001005MNMIM,2000-10-05,Fall,Minnesota,High
20000926LACAN,2000-09-26,Fall,Louisiana,Middle
20000918OHMOM,2000-09-18,Fall,Ohio,Junior High
20000907ILLOR,2000-09-07,Fall,Illinois,Elementary
20000905OHBIB,2000-09-05,Fall,Ohio,Elementary
20000726OHTIC,2000-07-26,Summer,Ohio,High
20000717WADIR,2000-07-17,Summer,Washington,Middle
20000526FLLAL,2000-05-26,Spring,Florida,Middle
20000510AZCAS,2000-05-10,Spring,Arizona,Elementary
20000502COTHD,2000-05-02,Spring,Colorado,High
20000410AZLAT,2000-04-10,Spring,Arizona,Middle
20000406OKHUH,2000-04-06,Spring,Oklahoma,High
20000323OHMCL,2000-03-23,Spring,Ohio,Elementary
20000310GABES,2000-03-10,Spring,Georgia,High
20000229MIBUF,2000-02-29,Winter,Michigan,Elementary
20000214ILDUC,2000-02-14,Winter,Illinois,Elementary
20000210PAPEY,2000-02-10,Winter,Pennsylvania,Junior High
20000126NESOO,2000-01-26,Winter,Nebraska,High
20000126CAALM,2000-01-26,Winter,California,Elementary
20000120NCERA,2000-01-20,Winter,North Carolina,High
20000119FLRIN,2000-01-19,Winter,Florida,High
20000113NMALA,2000-01-13,Winter,New Mexico,High
20000110AKBAA,2000-01-10,Winter,Alaska,High
19991206OKFOF,1999-12-06,Winter,Oklahoma,Middle
19991119NMDED,1999-11-19,Fall,New Mexico,Middle
19991117TXDID,1999-11-17,Fall,Texas,High
19991026WVGUB,1999-10-26,Fall,West Virginia,High
19991026PAMAP,1999-10-26,Fall,Pennsylvania,High
19991021CASAP,1999-10-21,Fall,California,High
19991011NVCLL,1999-10-11,Fall,Nevada,High
19991004SDJOP,1999-10-04,Fall,South Dakota,High
19990927FLEGT,1999-09-27,Fall,Florida,Elementary
19990909CASAS,1999-09-09,Fall,California,High
19990825GAJAM,1999-08-25,Summer,Georgia,High
19990520GAHEC,1999-05-20,Spring,Georgia,High
19990422LASCB,1999-04-22,Spring,Louisiana,Middle
19990422GAMAA,1999-04-22,Spring,Georgia,Middle
19990420COCOL,1999-04-20,Spring,Colorado,High
19990416IDNON,1999-04-16,Spring,Idaho,6-12
19990304ILNIS,1999-03-04,Spring,Illinois,High
19990211MSJEP,1999-02-11,Winter,Mississippi,Other
19990211ILOME,1999-02-11,Winter,Illinois,High
19990121TXRIN,1999-01-21,Winter,Texas,High
19990114NYHAN,1999-01-14,Winter,New York,High
19990108GACEC,1999-01-08,Winter,Georgia,High
19981211INBEI,1998-12-11,Winter,Indiana,Junior High
19981203INERG,1998-12-03,Winter,Indiana,Elementary
19981130NYHAH,1998-11-30,Fall,New York,Middle
19981103PAMAP,1998-11-03,Fall,Pennsylvania,High
19980930FLNOM,1998-09-30,Fall,Florida,High
19980930FLLEL,1998-09-30,Fall,Florida,High
19980911CAHEG,1998-09-11,Fall,California,High
19980615VAARR,1998-06-15,Summer,Virginia,High
19980529FLSTF,1998-05-29,Spring,Florida,High
19980527CAWAP,1998-05-27,Spring,California,Middle
19980521WAONO,1998-05-21,Spring,Washington,High
19980521ORTHS,1998-05-21,Spring,Oregon,High
19980521CARIR,1998-05-21,Spring,California,High
19980519TNLIF,1998-05-19,Spring,Tennessee,High
19980501NYPUB,1998-05-01,Spring,New York,Elementary
19980501FLNOM,1998-05-01,Spring,Florida,High
19980428WIPAP,1998-04-28,Spring,Wisconsin,Elementary
19980428CAPHP,1998-04-28,Spring,California,Elementary
19980424PAPAE,1998-04-24,Spring,Pennsylvania,Middle
19980423CACUL,1998-04-23,Spring,California,High
19980331WIOAO,1998-03-31,Spring,Wisconsin,Middle
19980330NCGRC,1998-03-30,Spring,North Carolina,Middle
19980325MICOC,1998-03-25,Spring,Michigan,High
19980325CAFED,1998-03-25,Spring,California,Middle
19980324ARWEJ,1998-03-24,Spring,Arkansas,Middle
19980227VAMAF,1998-02-27,Winter,Virginia,High
19980225MIRER,1998-02-25,Winter,Michigan,High
19980212NJHOH,1998-02-12,Winter,New Jersey,High
19971215ARSTS,1997-12-15,Winter,Arkansas,High
19971201KYHEW,1997-12-01,Winter,Kentucky,High
19971113CACRS,1997-11-13,Fall,California,Elementary
19971107FLRIJ,1997-11-07,Fall,Florida,High
19971022CAJON,1997-10-22,Fall,California,High
19971020CAMCO,1997-10-20,Fall,California,High
19971015FLLIP,1997-10-15,Fall,Florida,Middle
19971014TXLAG,1997-10-14,Fall,Texas,High
19971010INWAG,1997-10-10,Fall,Indiana,High
19971005OKMOO,1997-10-05,Fall,Oklahoma,Junior High
19971001MSPEP,1997-10-01,Fall,Mississippi,High
19970624ALJEM,1997-06-24,Summer,Alabama,High
19970520OHDUD,1997-05-20,Spring,Ohio,High
19970513FLNOM,1997-05-13,Spring,Florida,High
19970430NYCIN,1997-04-30,Spring,New York,High
19970428CAJOL,1997-04-28,Spring,California,High
19970403CAMAM,1997-04-03,Spring,California,High
19970317MIPED,1997-03-17,Spring,Michigan,High
19970221NVRAL,1997-02-21,Winter,Nevada,High
19970220FLFIJ,1997-02-20,Winter,Florida,High
19970219AKBEB,1997-02-19,Winter,Alaska,High
19970213NYSAB,1997-02-13,Winter,New York,High
19970213NYMOB,1997-02-13,Winter,New York,High
19970206MSWIJ,1997-02-06,Winter,Mississippi,High
19970127FLCOW,1997-01-27,Winter,Florida,Middle
19970108NYCRN,1997-01-08,Winter,New York,High
19961127CAHIS,1996-11-27,Fall,California,High
19961014MOSUS,1996-10-14,Fall,Missouri,High
19961009ARJAS,1996-10-09,Fall,Arkansas,High
19961004CASTP,1996-10-04,Fall,California,High
19961002PASMP,1996-10-02,Fall,Pennsylvania,Elementary
19960925GADED,1996-09-25,Fall,Georgia,Unknown
19960726CAJOL,1996-07-26,Summer,California,High
19960604CAWEH,1996-06-04,Summer,California,High
19960522CACOC,1996-05-22,Spring,California,High
19960514UTBIT,1996-05-14,Spring,Utah,High
19960415DCMCW,1996-04-15,Spring,Washington,High
19960411ALTAT,1996-04-11,Spring,Alabama,High
19960319NVSWL,1996-03-19,Spring,Nevada,Middle
19960311NCNON,1996-03-11,Spring,North Carolina,High
19960229MOBES,1996-02-29,Winter,Missouri,High
19960222GAJES,1996-02-22,Winter,Georgia,High
19960208CAMIM,1996-02-08,Winter,California,High
19960202WAFRM,1996-02-02,Winter,Washington,Middle
19960126TNEAM,1996-01-26,Winter,Tennessee,High
19960119DCWIW,1996-01-19,Winter,Washington,K-8
19960102PAGIG,1996-01-02,Winter,Pennsylvania,High
19951128NYTHN,1995-11-28,Fall,New York,High
19951115TNRIL,1995-11-15,Fall,Tennessee,High
19951102FLBLM,1995-11-02,Fall,Florida,Elementary
19951030VAJOR,1995-10-30,Fall,Virginia,High
19951023FLLAC,1995-10-23,Fall,Florida,High
19951012SCBLB,1995-10-12,Fall,South Carolina,High
19950929FLTAT,1995-09-29,Fall,Florida,Middle
19950927ALBLP,1995-09-27,Fall,Alabama,High
19950915KYGEW,1995-09-15,Fall,Kentucky,High
19950914KSOLO,1995-09-14,Fall,Kansas,High
19950912TNCYM,1995-09-12,Fall,Tennessee,Junior High
19950829TXMEL,1995-08-29,Summer,Texas,Middle
19950614FLLAL,1995-06-14,Summer,Florida,High
19950327MIRED,1995-03-27,Spring,Michigan,High
19950303MIPED,1995-03-03,Spring,Michigan,High
19950208NECHS,1995-02-08,Winter,Nebraska,Middle
19950202CAJOL,1995-02-02,Winter,California,High
19950124DCSPW,1995-01-24,Winter,Washington,High
19950123CASAR,1995-01-23,Winter,California,Middle
19950112WAGAS,1995-01-12,Winter,Washington,High
19950110FLPAP,1995-01-10,Winter,Florida,High
19950105DCCAW,1995-01-05,Winter,Washington,High
19941115WASTT,1994-11-15,Fall,Washington,High
19941108IAWEM,1994-11-08,Fall,Iowa,High
19941107OHWIW,1994-11-07,Fall,Ohio,Middle
19941105CATHS,1994-11-05,Fall,California,Elementary
19941031CAALA,1994-10-31,Fall,California,High
19941017ILHUC,1994-10-17,Fall,Illinois,High
19941012NCGRG,1994-10-12,Fall,North Carolina,High
19940922ORLEL,1994-09-22,Fall,Oregon,High
19940919CALOL,1994-09-19,Fall,California,High
19940908NYSWA,1994-09-08,Fall,New York,High
19940907CAHOL,1994-09-07,Fall,California,High
19940725IAOTO,1994-07-25,Summer,Iowa,High
19940724PAMAM,1994-07-24,Summer,Pennsylvania,Elementary
19940526KYLAU,1994-05-26,Spring,Kentucky,High
19940525NJLAW,1994-05-25,Spring,New Jersey,High
19940525INLAS,1994-05-25,Spring,Indiana,High
19940502FLNON,1994-05-02,Spring,Florida,High
19940421TNJTN,1994-04-21,Spring,Tennessee,Middle
19940420INDIS,1994-04-20,Spring,Indiana,Middle
19940419DCELW,1994-04-19,Spring,Washington,High
19940413CA49L,1994-04-13,Spring,California,Elementary
19940412MTMAB,1994-04-12,Spring,Montana,Elementary
19940408MDLAU,1994-04-08,Spring,Maryland,High
19940405TXMCA,1994-04-05,Spring,Texas,High
19940325GAETC,1994-03-25,Spring,Georgia,High
19940323WABAS,1994-03-23,Spring,Washington,High
19940315SCGOC,1994-03-15,Spring,South Carolina,High
19940309DCEAW,1994-03-09,Spring,Washington,High
19940303ALENB,1994-03-03,Spring,Alabama,High
19940301MOKEB,1994-03-01,Spring,Missouri,Other
19940218SCSPS,1994-02-18,Winter,South Carolina,High
19940208MIOSD,1994-02-08,Winter,Michigan,High
19940131WAWHS,1994-01-31,Winter,Washington,Middle
19940127CAWAS,1994-01-27,Winter,California,Elementary
19940126DCPAW,1994-01-26,Winter,Washington,High
19940126DCELW,1994-01-26,Winter,Washington,Junior High
19940124SCEAC,1994-01-24,Winter,South Carolina,High
19940121TXKEK,1994-01-21,Winter,Texas,High
19940120CALOH,1994-01-20,Winter,California,High
19931217MICHC,1993-12-17,Winter,Michigan,High
19931215CACHS,1993-12-15,Winter,California,High
19931208GABES,1993-12-08,Winter,Georgia,High
19931202CTNEN,1993-12-02,Winter,Connecticut,High
19931201WIWAW,1993-12-01,Winter,Wisconsin,High
19931111ILRIS,1993-11-11,Fall,Illinois,High
19931104MSBAB,1993-11-04,Fall,Mississippi,High
19931104FLTEJ,1993-11-04,Fall,Florida,High
19931104CTNEN,1993-11-04,Fall,Connecticut,High
19931101ILSUC,1993-11-01,Fall,Illinois,High
19931018DCJHW,1993-10-18,Fall,Washington,Junior High
19931012DEDON,1993-10-12,Fall,Delaware,High
19930928MSCOG,1993-09-28,Fall,Mississippi,Junior High
19930925DCWEW,1993-09-25,Fall,Washington,Elementary
19930917WYCES,1993-09-17,Fall,Wyoming,Junior High
19930917ILDOD,1993-09-17,Fall,Illinois,High
19930916ILROC,1993-09-16,Fall,Illinois,High
19930902TXROD,1993-09-02,Fall,Texas,High
19930901KSJUJ,1993-09-01,Fall,Kansas,High
19930831GAHAA,1993-08-31,Summer,Georgia,High
19930803NYTHN,1993-08-03,Summer,New York,High
19930707CADOL,1993-07-07,Summer,California,High
19930527LAFRN,1993-05-27,Spring,Louisiana,High
19930524PAUPP,1993-05-24,Spring,Pennsylvania,High
19930514TXNII,1993-05-14,Spring,Texas,High
19930416WAMOT,1993-04-16,Spring,Washington,High
19930416CAGRS,1993-04-16,Spring,California,High
19930415MAFOA,1993-04-15,Spring,Massachusetts,Middle
19930403CAGRS,1993-04-03,Spring,California,High
19930325MOSUS,1993-03-25,Spring,Missouri,High
19930318GAHAH,1993-03-18,Spring,Georgia,High
19930308VADOD,1993-03-08,Spring,Virginia,Middle
19930226MAGLG,1993-02-26,Winter,Massachusetts,High
19930222CAREL,1993-02-22,Winter,California,High
19930208MNMIM,1993-02-08,Winter,Minnesota,Middle
19930208DCWAW,1993-02-08,Winter,Washington,High
19930204GACLA,1993-02-04,Winter,Georgia,High
19930201WARER,1993-02-01,Winter,Washington,High
19930201NYAMA,1993-02-01,Winter,New York,High
19930121CAFAL,1993-01-21,Winter,California,High
19930118KYEAG,1993-01-18,Winter,Kentucky,High
19930112FLNOM,1993-01-12,Winter,Florida,High
19930105NYBRB,1993-01-05,Winter,New York,High
19921214NYWAW,1992-12-14,Winter,New York,High
19921203ILWOC,1992-12-03,Winter,Illinois,High
19921130ILORC,1992-11-30,Fall,Illinois,High
19921124ALROM,1992-11-24,Fall,Alabama,High
19921120ILTIC,1992-11-20,Fall,Illinois,High
19921116ALFAB,1992-11-16,Fall,Alabama,High
19921113TXLAC,1992-11-13,Fall,Texas,High
19921110ILSHC,1992-11-10,Fall,Illinois,Elementary
19921104MIMUD,1992-11-04,Fall,Michigan,High
19921104MIMAD,1992-11-04,Fall,Michigan,K-8
19921104MIFID,1992-11-04,Fall,Michigan,High
19921019NYEVB,1992-10-19,Fall,New York,High
19921013AZDET,1992-10-13,Fall,Arizona,High
19920930TXHOH,1992-09-30,Fall,Texas,Elementary
19920928CAHIS,1992-09-28,Fall,California,High
19920911TXPAA,1992-09-11,Fall,Texas,High
19920606CAMEM,1992-06-06,Summer,California,High
19920529CAVEL,1992-05-29,Spring,California,High
19920514TXHUH,1992-05-14,Spring,Texas,Junior High
19920514CASIN,1992-05-14,Spring,California,Junior High
19920501CALIO,1992-05-01,Spring,California,High
19920417TXLID,1992-04-17,Spring,Texas,High
19920409FLFOF,1992-04-09,Spring,Florida,High
19920331LAOPA,1992-03-31,Spring,Louisiana,High
19920305OHHAO,1992-03-05,Spring,Ohio,Middle
19920226NYTHB,1992-02-26,Winter,New York,High
19920207VABON,1992-02-07,Winter,Virginia,High
19920206OKDOO,1992-02-06,Winter,Oklahoma,High
19920131LAFRG,1992-01-31,Winter,Louisiana,Junior High
19920128LAFRG,1992-01-28,Winter,Louisiana,Junior High
19911226NCWHW,1991-12-26,Winter,North Carolina,High
19911125NYTHB,1991-11-25,Fall,New York,High
19911114TXMIH,1991-11-14,Fall,Texas,High
19911111TXYSE,1991-11-11,Fall,Texas,High
19911106LAWAN,1991-11-06,Fall,Louisiana,High
19911023TXOAD,1991-10-23,Fall,Texas,High
19911015TXGEP,1991-10-15,Fall,Texas,Elementary
19911015SCWOW,1991-10-15,Fall,South Carolina,High
19911015NHMOS,1991-10-15,Fall,New Hampshire,High
19911011MAMAR,1991-10-11,Fall,Massachusetts,High
19911009NYJAB,1991-10-09,Fall,New York,High
19911004CAROL,1991-10-04,Fall,California,High
19911004CADOL,1991-10-04,Fall,California,High
19911002TXSPH,1991-10-02,Fall,Texas,High
19910918TXCRC,1991-09-18,Fall,Texas,High
19910917ILWOC,1991-09-17,Fall,Illinois,High
19910913TXMAH,1991-09-13,Fall,Texas,High
19910730CAENC,1991-07-30,Summer,California,Middle
19910722CAWEL,1991-07-22,Summer,California,High
19910521FLSCP,1991-05-21,Spring,Florida,Unknown
19910521CAROS,1991-05-21,Spring,California,Junior High
19910516KSCOK,1991-05-16,Spring,Kansas,Middle
19910510OHFRC,1991-05-10,Spring,Ohio,Middle
19910423MSHUB,1991-04-23,Spring,Mississippi,High
19910423CARAC,1991-04-23,Spring,California,Middle
19910411SCNOR,1991-04-11,Spring,South Carolina,High
19910325NCGAC,1991-03-25,Spring,North Carolina,High
19910314SCWOP,1991-03-14,Spring,South Carolina,High
19910313ALSES,1991-03-13,Spring,Alabama,High
19910219LABON,1991-02-19,Winter,Louisiana,High
19910117TXHOD,1991-01-17,Winter,Texas,Middle
19910108TXRIR,1991-01-08,Winter,Texas,High
19901213LASAS,1990-12-13,Winter,Louisiana,High
19901030TXNAG,1990-10-30,Fall,Texas,High
19901029INCHC,1990-10-29,Fall,Indiana,High
19901002TXWHD,1990-10-02,Fall,Texas,High
19900922ALLEB,1990-09-22,Fall,Alabama,High
19900911TXSAS,1990-09-11,Fall,Texas,High
19900827TXWHD,1990-08-27,Summer,Texas,High
19900827NVELL,1990-08-27,Summer,Nevada,High
19900824NCMYC,1990-08-24,Summer,North Carolina,High
19900531TXSUF,1990-05-31,Spring,Texas,Elementary
19900520TNHIC,1990-05-20,Spring,Tennessee,High
19900504CAMOE,1990-05-04,Spring,California,High
19900403TXSKD,1990-04-03,Spring,Texas,High
19900327NYNEB,1990-03-27,Spring,New York,High
19900220OHTAC,1990-02-20,Winter,Ohio,High
19900116RICEP,1990-01-16,Winter,Rhode Island,High
19891212SCCHC,1989-12-12,Winter,South Carolina,High
19891205TXWWD,1989-12-05,Winter,Texas,High
19891205PASEM,1989-12-05,Winter,Pennsylvania,High
19891204LACAS,1989-12-04,Winter,Louisiana,High
19891122CACHO,1989-11-22,Fall,California,High
19891115TXWOA,1989-11-15,Fall,Texas,Junior High
19891113NYALN,1989-11-13,Fall,New York,High
19891031TXOLD,1989-10-31,Fall,Texas,Middle
19891005CALOA,1989-10-05,Fall,California,High
19890918KYJAM,1989-09-18,Fall,Kentucky,High
19890911AZDYE,1989-09-11,Fall,Arizona,High
19890426TXAMD,1989-04-26,Spring,Texas,High
19890303INWIG,1989-03-03,Spring,Indiana,High
19890210UTTHK,1989-02-10,Winter,Utah,Junior High
19890126DCWOW,1989-01-26,Winter,Washington,High
19890117CACLS,1989-01-17,Winter,California,Elementary
19890105ARHEL,1989-01-05,Winter,Arkansas,Middle
19881216VAATV,1988-12-16,Winter,Virginia,K-12
19881122TXABA,1988-11-22,Fall,Texas,High
19881107UTGLS,1988-11-07,Fall,Utah,Middle
19881101FLPAJ,1988-11-01,Fall,Florida,High
19881007TXDIP,1988-10-07,Fall,Texas,Elementary
19881007MDSOB,1988-10-07,Fall,Maryland,High
19881006ALMOM,1988-10-06,Fall,Alabama,Elementary
19881005MDEDB,1988-10-05,Fall,Maryland,High
19881004LAISB,1988-10-04,Fall,Louisiana,High
19881004FLJEJ,1988-10-04,Fall,Florida,Junior High
19881003FLMAM,1988-10-03,Fall,Florida,Elementary
19880926SCOAG,1988-09-26,Fall,South Carolina,Elementary
19880922ILMOC,1988-09-22,Fall,Illinois,Elementary
19880903TXLID,1988-09-03,Fall,Texas,High
19880902NCGAC,1988-09-02,Fall,North Carolina,High
19880902GAGLA,1988-09-02,Fall,Georgia,High
19880831SCWEA,1988-08-31,Summer,South Carolina,Elementary
19880831MICED,1988-08-31,Summer,Michigan,High
19880711MSLAJ,1988-07-11,Summer,Mississippi,High
19880710WISIM,1988-07-10,Summer,Wisconsin,Elementary
19880630HIAIO,1988-06-30,Summer,Hawaii,High
19880617MIJOD,1988-06-17,Summer,Michigan,Middle
19880602MSWIJ,1988-06-02,Summer,Mississippi,High
19880531NYPUB,1988-05-31,Spring,New York,Elementary
19880520ILHUW,1988-05-20,Spring,Illinois,Elementary
19880516FLFOF,1988-05-16,Spring,Florida,Middle
19880505ILMAC,1988-05-05,Spring,Illinois,High
19880324TXTRA,1988-03-24,Spring,Texas,High
19880323CACAS,1988-03-23,Spring,California,High
19880304MILED,1988-03-04,Spring,Michigan,Junior High
19880226RIBRB,1988-02-26,Winter,Rhode Island,High
19880211FLPIL,1988-02-11,Winter,Florida,High
19880202ALWET,1988-02-02,Winter,Alabama,Elementary
19880129TXREA,1988-01-29,Winter,Texas,High
19880120LASIR,1988-01-20,Winter,Louisiana,High
19880108PACRM,1988-01-08,Winter,Pennsylvania,High
19880106FLGAT,1988-01-06,Winter,Florida,High
19880105PASPS,1988-01-05,Winter,Pennsylvania,High
19871216TXMAK,1987-12-16,Winter,Texas,High
19871215NYGRB,1987-12-15,Winter,New York,High
19871204NYEAN,1987-12-04,Winter,New York,High
19871202FLENJ,1987-12-02,Winter,Florida,High
19871130TXPES,1987-11-30,Fall,Texas,Elementary
19871114FLCLC,1987-11-14,Fall,Florida,High
19871104MISOD,1987-11-04,Fall,Michigan,High
19871030NCSOK,1987-10-30,Fall,North Carolina,Elementary
19871014ILDUC,1987-10-14,Fall,Illinois,High
19870928ILILL,1987-09-28,Fall,Illinois,High
19870513ILOAO,1987-05-13,Spring,Illinois,High
19870506FLLET,1987-05-06,Spring,Florida,High
19870506ARMAJ,1987-05-06,Spring,Arkansas,Junior High
19870503INPII,1987-05-03,Spring,Indiana,High
19870430ORGRP,1987-04-30,Spring,Oregon,High
19870416MIMUD,1987-04-16,Spring,Michigan,High
19870330CAPAS,1987-03-30,Spring,California,Elementary
19870306TXRIE,1987-03-06,Spring,Texas,High
19870302MODED,1987-03-02,Spring,Missouri,High
19870224NYMON,1987-02-24,Winter,New York,Other
19870213AZORM,1987-02-13,Winter,Arizona,Other
19870210ARDAD,1987-02-10,Winter,Arkansas,High
19870123MIRED,1987-01-23,Winter,Michigan,High
19870114CALOL,1987-01-14,Winter,California,High
19861204MTFEL,1986-12-04,Winter,Montana,High
19861008TXSOD,1986-10-08,Fall,Texas,High
19861003CAMOM,1986-10-03,Fall,California,High
19860918CABEB,1986-09-18,Fall,California,High
19860912CAFAL,1986-09-12,Fall,California,High
19860517TNMAN,1986-05-17,Spring,Tennessee,High
19860516WYCOC,1986-05-16,Spring,Wyoming,Elementary
19860515GACAA,1986-05-15,Spring,Georgia,High
19860509NCPIF,1986-05-09,Spring,North Carolina,High
19860429MOSES,1986-04-29,Spring,Missouri,High
19860423FLCHM,1986-04-23,Spring,Florida,Middle
19860306ILTHD,1986-03-06,Spring,Illinois,High
19860224LABOS,1986-02-24,Winter,Louisiana,Junior High
19860129MDLAB,1986-01-29,Winter,Maryland,High
19860117CAVAL,1986-01-17,Winter,California,Junior High
19860109NCNOD,1986-01-09,Winter,North Carolina,High
19851210CTPOP,1985-12-10,Winter,Connecticut,Junior High
19851209PAARP,1985-12-09,Winter,Pennsylvania,High
19851203NHCOC,1985-12-03,Winter,New Hampshire,High
19851127ALCHB,1985-11-27,Fall,Alabama,High
19851126WASPS,1985-11-26,Fall,Washington,Junior High
19851022OHSOG,1985-10-22,Fall,Ohio,High
19851018MIMUD,1985-10-18,Fall,Michigan,High
19851008MDLAB,1985-10-08,Fall,Maryland,High
19850925OHTRT,1985-09-25,Fall,Ohio,High
19850920TXLAC,1985-09-20,Fall,Texas,High
19850909TXWHH,1985-09-09,Fall,Texas,High
19850904VAEAR,1985-09-04,Fall,Virginia,Middle
19850724TXHIH,1985-07-24,Summer,Texas,High
19850516FLPAB,1985-05-16,Spring,Florida,Junior High
19850416TXMAA,1985-04-16,Spring,Texas,High
19850205CTAIH,1985-02-05,Winter,Connecticut,High
19850126MASTB,1985-01-26,Winter,Massachusetts,High
19850121KSGOG,1985-01-21,Winter,Kansas,Junior High
19850118TXARA,1985-01-18,Winter,Texas,High
19841207MOEDS,1984-12-07,Winter,Missouri,High
19841126MDMIR,1984-11-26,Fall,Maryland,High
19841109CTWIN,1984-11-09,Fall,Connecticut,High
19841031LAEAG,1984-10-31,Fall,Louisiana,High
19841030SCPEP,1984-10-30,Fall,South Carolina,High
19841024OHWEC,1984-10-24,Fall,Ohio,Elementary
19841024MISOD,1984-10-24,Fall,Michigan,High
19841022MICED,1984-10-22,Fall,Michigan,High
19841021PAWYE,1984-10-21,Fall,Pennsylvania,High
19840928TXRIN,1984-09-28,Fall,Texas,High
19840928TXMIH,1984-09-28,Fall,Texas,Elementary
19840831LABOS,1984-08-31,Summer,Louisiana,High
19840710MIMUD,1984-07-10,Summer,Michigan,High
19840522OHCLC,1984-05-22,Spring,Ohio,High
19840518CANON,1984-05-18,Spring,California,High
19840517TXBOH,1984-05-17,Spring,Texas,High
19840517IASOP,1984-05-17,Spring,Iowa,High
19840515MTCMG,1984-05-15,Spring,Montana,High
19840426NCROW,1984-04-26,Spring,North Carolina,Elementary
19840420MIPRD,1984-04-20,Spring,Michigan,K-12
19840405LACLC,1984-04-05,Spring,Louisiana,High
19840224CA49L,1984-02-24,Winter,California,Elementary
19840221TXSHH,1984-02-21,Winter,Texas,High
19840206KYCEL,1984-02-06,Winter,Kentucky,High
19840105MDLAB,1984-01-05,Winter,Maryland,High
19831216ILBOR,1983-12-16,Winter,Illinois,High
19831202INCRC,1983-12-02,Winter,Indiana,High
19831118MDHAB,1983-11-18,Fall,Maryland,Junior High
19831117ILJAC,1983-11-17,Fall,Illinois,Elementary
19831108MIHIH,1983-11-08,Fall,Michigan,High
19831022MDCAB,1983-10-22,Fall,Maryland,High
19831007CACOL,1983-10-07,Fall,California,High
19830930TXTET,1983-09-30,Fall,Texas,High
19830921MDWAB,1983-09-21,Fall,Maryland,High
19830912MIHED,1983-09-12,Fall,Michigan,High
19830912CAMAC,1983-09-12,Fall,California,High
19830526PAGRJ,1983-05-26,Spring,Pennsylvania,High
19830523OHMAM,1983-05-23,Spring,Ohio,High
19830518FLNOM,1983-05-18,Spring,Florida,High
19830516TXLAD,1983-05-16,Spring,Texas,High
19830516NYBRN,1983-05-16,Spring,New York,High
19830421MOBES,1983-04-21,Spring,Missouri,High
19830331ILSAC,1983-03-31,Spring,Illinois,Other
19830202NMALA,1983-02-02,Winter,New Mexico,High
19830201TNRIM,1983-02-01,Winter,Tennessee,High
19830131FLDED,1983-01-31,Winter,Florida,High
19830130TXWEC,1983-01-30,Winter,Texas,High
19830128MDWIB,1983-01-28,Winter,Maryland,Middle
19830120MOPAB,1983-01-20,Winter,Missouri,Middle
19830118TXJOH,1983-01-18,Winter,Texas,High
19821220MIFID,1982-12-20,Winter,Michigan,High
19821206ALHUH,1982-12-06,Winter,Alabama,High
19821112MSWIJ,1982-11-12,Fall,Mississippi,High
19821108MICOD,1982-11-08,Fall,Michigan,High
19821101NYELE,1982-11-01,Fall,New York,High
19820915ARSOP,1982-09-15,Fall,Arkansas,Middle
19820910VALAB,1982-09-10,Fall,Virginia,Other
19820527NVGAL,1982-05-27,Spring,Nevada,Junior High
19820430FLANA,1982-04-30,Spring,Florida,High
19820429GARUE,1982-04-29,Spring,Georgia,High
19820415MDFOB,1982-04-15,Spring,Maryland,High
19820407CODEL,1982-04-07,Spring,Colorado,High
19820319NVVAL,1982-03-19,Spring,Nevada,High
19820317OHLOL,1982-03-17,Spring,Ohio,High
19820315ORSPS,1982-03-15,Spring,Oregon,High
19820209LAJON,1982-02-09,Winter,Louisiana,High
19820208MADOD,1982-02-08,Winter,Massachusetts,High
19820205TNHAM,1982-02-05,Winter,Tennessee,High
19811223NYJAB,1981-12-23,Winter,New York,High
19811216TXUNH,1981-12-16,Winter,Texas,High
19811209NYGEB,1981-12-09,Winter,New York,High
19811013CTHAH,1981-10-13,Fall,Connecticut,High
19810913MDABA,1981-09-13,Fall,Maryland,High
19810908FLSTW,1981-09-08,Fall,Florida,Middle
19810904NMHOS,1981-09-04,Fall,New Mexico,High
19810901PAWIP,1981-09-01,Fall,Pennsylvania,Elementary
19810515LANEN,1981-05-15,Spring,Louisiana,Junior High
19810407MSPOP,1981-04-07,Spring,Mississippi,High
19810402OHALC,1981-04-02,Spring,Ohio,Junior High
19810328FLDIF,1981-03-28,Spring,Florida,High
19810303INMAI,1981-03-03,Spring,Indiana,High
19810210CAMAL,1981-02-10,Winter,California,High
19810210ARLIL,1981-02-10,Winter,Arkansas,High
19810122MDFRB,1981-01-22,Winter,Maryland,High
19810121OHWIB,1981-01-21,Winter,Ohio,Junior High
19801212OHLOL,1980-12-12,Winter,Ohio,Junior High
19801212ALPAB,1980-12-12,Winter,Alabama,High
19801117TXEAF,1980-11-17,Fall,Texas,High
19801031ALHUH,1980-10-31,Fall,Alabama,High
19801013ALCET,1980-10-13,Fall,Alabama,High
19800926CTBRB,1980-09-26,Fall,Connecticut,High
19800911ALJOM,1980-09-11,Fall,Alabama,High
19800910DCSPW,1980-09-10,Fall,Washington,High
19800908FLFOJ,1980-09-08,Fall,Florida,High
19800902CAWHL,1980-09-02,Fall,California,High
19800530NYCLB,1980-05-30,Spring,New York,High
19800417VACAC,1980-04-17,Spring,Virginia,Elementary
19800331MDFRB,1980-03-31,Spring,Maryland,High
19800320TXJLD,1980-03-20,Spring,Texas,High
19800215MSHUM,1980-02-15,Winter,Mississippi,Other
19800211INARI,1980-02-11,Winter,Indiana,High
19800207TXVAL,1980-02-07,Winter,Texas,Elementary
19800201DCLAW,1980-02-01,Winter,Washington,Elementary
19800129VALAW,1980-01-29,Winter,Virginia,High
19800107ARSTS,1980-01-07,Winter,Arkansas,High
19791221MOBLS,1979-12-21,Winter,Missouri,Middle
19791203MDEAB,1979-12-03,Winter,Maryland,High
19791130TXUNL,1979-11-30,Fall,Texas,
19791105INWAI,1979-11-05,Fall,Indiana,High
19791023MOOFS,1979-10-23,Fall,Missouri,High
19790928MACHC,1979-09-28,Fall,Massachusetts,High
19790926LACAN,1979-09-26,Fall,Louisiana,Middle
19790614OHNEN,1979-06-14,Summer,Ohio,Elementary
19790426TXAZA,1979-04-26,Spring,Texas,High
19790425PAMAH,1979-04-25,Spring,Pennsylvania,Junior High
19790416WIWIM,1979-04-16,Spring,Wisconsin,High
19790328CALOL,1979-03-28,Spring,California,High
19790314FLMCM,1979-03-14,Spring,Florida,High
19790129CAGRS,1979-01-29,Winter,California,Elementary
19781214CTWIN,1978-12-14,Winter,Connecticut,High
19781129NYPAN,1978-11-29,Fall,New York,High
19781017MOUNU,1978-10-17,Fall,Missouri,High
19781017ALLAL,1978-10-17,Fall,Alabama,Junior High
19780610MAWEW,1978-06-10,Summer,Massachusetts,High
19780607DEDOD,1978-06-07,Summer,Delaware,High
19780519PADOP,1978-05-19,Spring,Pennsylvania,Junior High
19780518TXMUA,1978-05-18,Spring,Texas,Junior High
19780428ILRIN,1978-04-28,Spring,Illinois,High
19780426TXPAD,1978-04-26,Spring,Texas,Elementary
19780414MIFOD,1978-04-14,Spring,Michigan,High
19780329TNGAN,1978-03-29,Spring,Tennessee,Junior High
19780309CAMOS,1978-03-09,Spring,California,Elementary
19780222MIEVL,1978-02-22,Winter,Michigan,High
19780209WVHAS,1978-02-09,Winter,West Virginia,Junior High
19780111KYCHH,1978-01-11,Winter,Kentucky,Middle
19771215MABLC,1977-12-15,Winter,Massachusetts,High
19771212FLWEW,1977-12-12,Winter,Florida,High
19771209CAPES,1977-12-09,Winter,California,Elementary
19771129MOVAS,1977-11-29,Fall,Missouri,High
19771129MOHAS,1977-11-29,Fall,Missouri,High
19770711COSOC,1977-07-11,Summer,Colorado,Junior High
19770622ILHOC,1977-06-22,Summer,Illinois,High
19770517FLSTC,1977-05-17,Spring,Florida,Middle
19770418TNPIN,1977-04-18,Spring,Tennessee,Other
19770407TXWHW,1977-04-07,Spring,Texas,High
19770321NYPAH,1977-03-21,Spring,New York,Other
19770308ILCOE,1977-03-08,Spring,Illinois,High
19770228TXHOA,1977-02-28,Winter,Texas,Junior High
19770228MOROS,1977-02-28,Winter,Missouri,High
19770209ILFEC,1977-02-09,Winter,Illinois,High
19770113ILOLB,1977-01-13,Winter,Illinois,High
19761210MOFRS,1976-12-10,Winter,Missouri,Elementary
19761110MIBUD,1976-11-10,Fall,Michigan,Elementary
19760920NCGUG,1976-09-20,Fall,North Carolina,
19760602MDMTC,1976-06-02,Summer,Maryland,High
19760514FLPAW,1976-05-14,Spring,Florida,High
19760513MOMAS,1976-05-13,Spring,Missouri,Elementary
19760412TXODF,1976-04-12,Spring,Texas,High
19760212MIMUD,1976-02-12,Winter,Michigan,High
19760206FLESP,1976-02-06,Winter,Florida,High
19760123OHCOC,1976-01-23,Winter,Ohio,High
19760101AZCAP,1976-01-01,Winter,Arizona,High
19751218CAORS,1975-12-18,Winter,California,High
19751024GAMUA,1975-10-24,Fall,Georgia,High
19751001NMHEA,1975-10-01,Fall,New Mexico,Elementary
19750911OKGRO,1975-09-11,Fall,Oklahoma,High
19750711MOCES,1975-07-11,Summer,Missouri,High
19750709ILDEC,1975-07-09,Summer,Illinois,Elementary
19750527MIPID,1975-05-27,Spring,Michigan,Elementary
19750515MOROS,1975-05-15,Spring,Missouri,Junior High
19750321VAFAR,1975-03-21,Spring,Virginia,Elementary
19750321OHPAD,1975-03-21,Spring,Ohio,High
19750318MOSUS,1975-03-18,Spring,Missouri,High
19750312TXJOH,1975-03-12,Spring,Texas,High
19750224NJSTP,1975-02-24,Winter,New Jersey,K-8
19750207NYBOM,1975-02-07,Winter,New York,Other
19741230NYOLO,1974-12-30,Winter,New York,High
19741218CAMAL,1974-12-18,Winter,California,High
19741125SCCAC,1974-11-25,Fall,South Carolina,High
19741121ARBOL,1974-11-21,Fall,Arkansas,Junior High
19741118SCCAC,1974-11-18,Fall,South Carolina,High
19741021MDDOB,1974-10-21,Fall,Maryland,High
19741007LADEH,1974-10-07,Fall,Louisiana,High
19740925CASAL,1974-09-25,Fall,California,High
19740923CAJED,1974-09-23,Fall,California,High
19740519FLHIO,1974-05-19,Spring,Florida,Elementary
19740510TNCHR,1974-05-10,Spring,Tennessee,High
19740402CTSTB,1974-04-02,Spring,Connecticut,Other
19740322INBRB,1974-03-22,Spring,Indiana,High
19740207CAJAO,1974-02-07,Winter,California,Junior High
19740122CALOL,1974-01-22,Winter,California,High
19740117ILBAC,1974-01-17,Winter,Illinois,Elementary
19731213OHHUC,1973-12-13,Winter,Ohio,High
19731206CAFRL,1973-12-06,Winter,California,High
19731109CALOL,1973-11-09,Fall,California,High
19731108ILWOC,1973-11-08,Fall,Illinois,High
19731031MONOS,1973-10-31,Fall,Missouri,High
19731024MNCEM,1973-10-24,Fall,Minnesota,High
19731023OHBAB,1973-10-23,Fall,Ohio,High
19731023MOSUS,1973-10-23,Fall,Missouri,High
19731019MOBES,1973-10-19,Fall,Missouri,High
19731002ILELA,1973-10-02,Fall,Illinois,High
19730928CAWIL,1973-09-28,Fall,California,High
19730501OHRAY,1973-05-01,Spring,Ohio,High
19730405CALOL,1973-04-05,Spring,California,High
19730226VAARR,1973-02-26,Winter,Virginia,High
19730212ALBOM,1973-02-12,Winter,Alabama,High
19730131NCCUB,1973-01-31,Winter,North Carolina,High
19730118CAJOL,1973-01-18,Winter,California,High
19730105NCSOS,1973-01-05,Winter,North Carolina,High
19721129FLMIM,1972-11-29,Fall,Florida,High
19721127MIPOP,1972-11-27,Fall,Michigan,High
19721111CAJEL,1972-11-11,Fall,California,High
19720921OHTHA,1972-09-21,Fall,Ohio,Junior High
19720919TXCUH,1972-09-19,Fall,Texas,Junior High
19720915MISAS,1972-09-15,Fall,Michigan,High
19720914TXFRH,1972-09-14,Fall,Texas,Junior High
19720505INDEI,1972-05-05,Spring,Indiana,High
19720504NVLIR,1972-05-04,Spring,Nevada,Elementary
19720412LAEAG,1972-04-12,Spring,Louisiana,Junior High
19720313TXUNH,1972-03-13,Spring,Texas,Junior High
19720228CAMAL,1972-02-28,Winter,California,Junior High
19720215ILKEC,1972-02-15,Winter,Illinois,High
19720214ILCAC,1972-02-14,Winter,Illinois,High
19720126MDHAB,1972-01-26,Winter,Maryland,Junior High
19720126MDGWB,1972-01-26,Winter,Maryland,Junior High
19720124OHSTS,1972-01-24,Winter,Ohio,High
19720105DCPAW,1972-01-05,Winter,Washington,Elementary
19711213MDCAB,1971-12-13,Winter,Maryland,High
19711206CALOL,1971-12-06,Winter,California,Junior High
19711124MDEDB,1971-11-24,Fall,Maryland,High
19711108OKGRT,1971-11-08,Fall,Oklahoma,Elementary
19711103NMCAC,1971-11-03,Fall,New Mexico,6-12
19711029MDFRB,1971-10-29,Fall,Maryland,High
19711029MDFOB,1971-10-29,Fall,Maryland,High
19711028MDCIB,1971-10-28,Fall,Maryland,High
19710929VAPEP,1971-09-29,Fall,Virginia,Junior High
19710928MNCEM,1971-09-28,Fall,Minnesota,High
19710924NYMCB,1971-09-24,Fall,New York,High
19710909TXDUL,1971-09-09,Fall,Texas,High
19710820PAMOM,1971-08-20,Summer,Pennsylvania,High
19710602NYEAE,1971-06-02,Summer,New York,Middle
19710527MIBES,1971-05-27,Spring,Michigan,High
19710405PAWIH,1971-04-05,Spring,Pennsylvania,High
19710309AZROT,1971-03-09,Spring,Arizona,Junior High
19710225OHFRC,1971-02-25,Winter,Ohio,Junior High
19710210TXOAD,1971-02-10,Winter,Texas,High
19710205PAJOW,1971-02-05,Winter,Pennsylvania,High
19710202PAMOP,1971-02-02,Winter,Pennsylvania,Middle
19701212WIXAA,1970-12-12,Winter,Wisconsin,High
19701120ILHAC,1970-11-20,Fall,Illinois,High
19701027OHAPM,1970-10-27,Fall,Ohio,Junior High
19701020TNWAN,1970-10-20,Fall,Tennessee,Junior High
19701019TNBOM,1970-10-19,Fall,Tennessee,High
19701005MIPOD,1970-10-05,Fall,Michigan,High
19700928IACED,1970-09-28,Fall,Iowa,High
19700924IDMEM,1970-09-24,Fall,Idaho,High
19700914TNHAN,1970-09-14,Fall,Tennessee,High
19700831FLALM,1970-08-31,Summer,Florida,Elementary
19700828TXRIE,1970-08-28,Summer,Texas,High
19700515UTBEO,1970-05-15,Spring,Utah,High
19700508FLCAD,1970-05-08,Spring,Florida,High
19700422DEPIW,1970-04-22,Spring,Delaware,High
19700415ARPIP,1970-04-15,Spring,Arkansas,High
19700323CADAL,1970-03-23,Spring,California,High
19700206OHJOC,1970-02-06,Winter,Ohio,High
19700105DCUNW,1970-01-05,Winter,Washington,High
19700105DCSOW,1970-01-05,Winter,Washington,Junior High
19700105DCHIW,1970-01-05,Winter,Washington,High
20200804PAKEP,2020-08-04,Summer,Pennsylvania,Elementary
20200729ILCOC,2020-07-29,Illinois,High
20200817MIABG,2020-08-17,Summer,Michigan,K-8
20200825MOWEC,2020-08-25,Summer,Missouri,Middle
19850418TNSOS,1985-04-18,Spring,Tennessee,High
20190522OHSAC,2019-05-22,Spring,Ohio,Elementary
20200830TXLOD,2020-08-30,Summer,Texas,Elementary
20200904FLLOJ,2020-09-03,Fall,Florida,Elementary
20200903GADOA,2020-09-03,Fall,Georgia,High
20200630OHLAW,2020-06-30,Summer,Ohio,K-12
20200909TXSOH,2020-09-09,Fall,Texas,Elementary
20200910ILPEP,2020-09-14,Fall,Illinois,
20200916WAARG,2020-09-15,Fall,Washington,Elementary
20191022NJBRB,2019-10-22,Fall,New Jersey,High
20200915UTVIB,2020-09-15,Fall,Utah,High
20200915SCYOR,2020-09-15,Fall,South Carolina,
20200917OHELA,2020-09-17,Fall,Ohio,High
20200916CASOS,2020-09-16,Fall,California,High
20200910OHSAC,2020-09-10,Fall,Ohio,High
20200920UTLIS,2020-09-20,Fall,Utah,Elementary
20200918KYWIL,2020-09-18,Fall,Kentucky,Middle
20200917ORDRP,2020-09-17,Fall,Oregon,Elementary
20200919CAKRS,2020-09-19,,California,K-8
20200921CAPLP,2020-09-21,Fall,California,Elementary
20200909PAWEW,2020-09-09,Fall,Pennsylvania,Elementary
20200923FLHIJ,2020-09-23,Fall,Florida,Middle
20200923PAWIW,2020-09-23,Fall,Pennsylvania,High
20200924ILMCS,2020-09-24,Fall,Illinois,Elementary
20200924CAWAC,2020-09-24,Fall,California,Middle
20200928CTEAN,2020-09-28,Fall,Connecticut,K-8
20200925ILROR,2020-09-25,Fall,Illinois,Elementary
20190127NVRER,2019-01-27,Winter,Nevada,High
20200925NJHAH,2020-09-25,Fall,New Jersey,K-8
20150521FLDUJ,2015-05-21,Spring,Florida,High
20190918MNFOC,2019-10-18,Fall,Minnesota,High
20200930CADYL,2020-09-30,Fall,California,High
20130129ALDAM,2013-01-29,Winter,Alabama,Elementary
20201005OKSOM,2020-10-05,Fall,Oklahoma,High
20201005ARKIH,2020-10-05,Fall,Arkansas,Elementary
20201004NEADL,2020-10-04,Fall,Nebraska,Elementary
20201009FLJEJ,2020-10-09,Fall,Florida,High
20201012TXNOD,2020-10-12,Fall,Texas,High
20161216FLSAJ,2016-12-16,Winter,Florida,High
20190327FLMAJ,2019-03-27,Spring,Florida,Middle
20190927CADER,2019-09-27,Fall,California,High
20201013RIRHP,2020-10-13,Fall,Rhode Island,K-12
20201012MNSHS,2020-10-12,Fall,Minnesota,High
20201014PABRB,2020-10-14,Fall,Pennsylvania,
20201018KYSEL,2020-10-18,Fall,Kentucky,High
20201014WAWAS,2020-10-14,Fall,Washington,Elementary
20201002PAMAE,2020-10-02,Fall,Pennsylvania,
20201020ARJAP,2020-10-20,Fall,Arkansas,Junior High
20201026GARIR,2020-10-26,Fall,Georgia,High
20201028NYROR,2020-10-28,Fall,New York,K-12
20201024CTSTS,2020-10-24,Fall,Connecticut,Elementary
20201029FLLAM,2020-10-29,Fall,Florida,Middle
20201102COERE,2020-11-02,Fall,Colorado,High
20201108INTET,2020-11-08,Fall,Indiana,High
20201109CABAL,2020-11-09,Fall,California,Elementary
20201109TXCOH,2020-11-09,Fall,Texas,Elementary
20201106AZKHT,2020-11-06,Fall,Arizona,Elementary
20201112PANAH,2020-11-12,Fall,Pennsylvania,Middle
20201112CACEU,2020-11-12,Fall,California,Middle
20160928TNSYP,2016-09-28,Fall,Tennessee,Middle
20201113NCLIL,2020-11-13,Fall,North Carolina,Elementary
20201116TNWIM,2020-11-16,Fall,Tennessee,Elementary
20201117TXWEW,2020-11-17,Fall,Texas,High
20201117MTGRG,2020-11-17,,Montana,High
20201125KSABG,2020-11-25,Fall,Kansas,Elementary
20201207ILEAC,2020-12-06,Winter,Illinois,High
20201211VATAY,2020-12-11,Winter,Virginia,Middle
20201216ILDUC,2020-12-16,Winter,Illinois,Elementary
20201229WAROS,2020-12-29,Winter,Washington,High
20210114MDHIW,2021-01-14,Winter,Maryland,Elementary
20210110ILSOS,2021-01-10,Winter,Illinois,High
20210121OHEAC,2021-01-21,Winter,Ohio,High
20210121OKLOG,2021-01-21,Winter,Oklahoma,Elementary
20210127FLHOH,2021-01-27,Winter,Florida,K-8
20210201MIMUD,2021-02-01,Winter,Michigan,K-8
19900906GASOC,1990-09-06,Fall,Georgia,6-12
20210205MDBEM,2021-02-05,Winter,Maryland,Middle
20210208MISCG,2021-02-08,Winter,Michigan,
20201225FLYOP,2020-12-25,Winter,Florida,High
20210210TXFOF,2021-02-10,Winter,Texas,Middle
20210210NJSCP,2021-02-10,Winter,New Jersey,Elementary
20210210LASTS,2021-02-10,Winter,Louisiana,Other
20210214MNROM,2021-02-14,Winter,Minnesota,High
20210127MSHAH,2021-01-27,Winter,Mississippi,High
20210216NCTHS,2021-02-16,Winter,North Carolina,Elementary
20210217TNKNK,2021-02-17,Winter,Tennessee,Elementary
20210219ILLIR,2021-02-19,Winter,Illinois,Middle
20210222CAHOV,2021-02-22,Winter,California,Elementary
20210224WAGAY,2021-02-24,Winter,Washington,Elementary
20210226LAGEN,2021-02-26,,Louisiana,High
20210301ARWAP,2021-03-01,Spring,Arkansas,Junior High
20210308SCEDC,2021-03-08,Spring,South Carolina,Elementary
20210309TNSAK,2021-03-09,Spring,Tennessee,Elementary
20210309OHBIC,2021-03-09,Spring,Ohio,High
20210311OHCIC,2021-03-11,Spring,Ohio,K-12
20210313TXLEA,2021-03-13,Spring,Texas,Elementary
20210318KYGRL,2021-03-18,Spring,Kentucky,Elementary
20210319WVSPM,2021-03-19,Spring,West Virginia,Middle
20210324ORFOS,2021-03-24,Spring,Oregon,Elementary
20180803IALIO,2018-08-03,Summer,Iowa,Elementary
20210326MOCAS,2021-03-26,Spring,Missouri,Elementary
20210327MAPEC,2021-03-27,Spring,Massachusetts,Elementary
20210401OKCLC,2021-04-01,Spring,Oklahoma,High
20210401ALSES,2021-04-01,Spring,Alabama,High
19700226CABAB,1979-02-26,Winter,California,High
19790226CABAB,1979-02-26,Winter,California,High
20210315INMEM,2021-03-15,Spring,Indiana,High
20210406ILBAC,2021-04-06,Spring,Illinois,High
20210412TNAUK,2021-04-12,Spring,Tennessee,High
20210411INBIH,2021-04-11,Spring,Indiana,High
20210412CASAS,2021-04-12,Spring,California,High
20210413TNMAC,2021-04-13,Spring,Tennessee,null
20170415ORMEP,2017-04-15,Spring,Oregon,Elementary
20210418OHWED,2021-04-18,Spring,Ohio,Elementary
20210514CASAS,2021-05-14,Spring,California,High
20210427TNLAM,2021-04-27,Spring,Tennessee,Other
20210427DESMS,2021-04-27,Spring,Delaware,Middle
20210429NYURB,2021-04-29,Spring,New York,High
20210429CAVIV,2021-04-29,Spring,California,High
20210430INMAI,2021-04-30,Spring,Indiana,Elementary
20210501MNBES,2021-05-01,Spring,Minnesota,Elementary
20210502ILCHC,2021-05-02,Spring,Illinois,High
20210506IDRIR,2021-05-06,Spring,Idaho,Middle
19890209IDRIR,1989-02-09,Fall,Idaho,null
20210506SCFOC,2021-05-06,Spring,South Carolina,Elementary
20210505MICRC,2021-05-05,Spring,Michigan,High
20210517TNAUM,2021-05-17,Spring,Tennessee,Elementary
20210517MDLOC,2021-05-17,Spring,Maryland,High
20210511NYPSB,2021-05-11,Spring,New York,K-8
20210525NJPAP,2021-05-25,Spring,New Jersey,Elementary
20210601ILLIC,2021-06-01,Summer,Illinois,High
20210606VADRA,2021-06-06,null,Virginia,Elementary
20210607TXEAF,2021-06-07,null,Texas,High
20210608KSHAK,2021-06-08,Summer,Kansas,Elementary
20210609TXNOH,2021-06-09,Summer,Texas,High
20210609VAWIR,2021-06-09,null,Virginia,High
20210610CTHOW,2021-06-10,Summer,Connecticut,High
20210612MOMCF,2021-06-12,Summer,Missouri,High
20210613PAWIP,2021-06-13,Summer,Pennsylvania,K-8
20210613PAPAC,2021-06-13,Summer,Pennsylvania,Elementary
20210614TXEAF,2021-06-14,Summer,Texas,High
20210614NCRJW,2021-06-14,Summer,North Carolina,High
20210614NCROR,2021-06-14,Summer,North Carolina,Middle
20210620CAGRM,2021-06-20,Summer,California,K-12
20210624ILABR,2021-06-24,Summer,Illinois,Middle
20210608PAMUS,2021-06-08,Summer,Pennsylvania,Elementary
20210628CASLF,2021-06-28,Summer,California,Elementary
20210704NYDRR,2021-07-04,Summer,New York,High
20210708ILBEC,2021-07-08,Summer,Illinois,High
20210709KSCAW,2021-07-09,Summer,Kansas,High
20210718ARFOL,2021-07-18,Summer,Alabama,Elementary
20210719TXCAC,2021-07-19,Summer,Texas,High
20210721ILTHC,2021-07-21,Summer,Illinois,Elementary
20210727WATYS,2021-07-27,Summer,Washington,High
20210517TXBRE,2021-05-17,Spring,Texas,Middle
20210804ALBUM,2021-08-04,Summer,Alabama,Middle
20210806LASTH,2021-08-06,Summer,Louisiana,K-8
20210807ORGIP,2021-08-07,Summer,Oregon,Elementary
20210805GACHD,2021-08-05,Summer,Georgia,Middle
20210811COMAC,2021-08-11,Summer,Colorado,Elementary
20210810OHEAC,2021-08-10,Summer,Ohio,Elementary
20210812CANOS,2021-08-12,Fall,California,Middle
20210812GALIL,2021-08-12,Fall,Georgia,High
20210813NMWAA,2021-08-13,Fall,New Mexico,Middle
20210811CAOAO,2021-08-11,Fall,California,High
20210813GACAS,2021-08-13,Fall,Georgia,High
20210814ILMAC,2021-08-14,Summer,Illinois,Elementary
20180425NMHIA,2018-04-25,Spring,New Mexico,High
20210814SCDAH,2021-08-14,Summer,South Carolina,null
20210818SCORO,2021-08-18,Fall,South Carolina,High
20210817COYED,2021-08-17,Fall,Colorado,High
20210815VAROD,2021-08-15,Summer,Virginia,Elementary
20210820NEMIO,2021-08-20,Fall,Nebraska,Elementary
20210820CACEF,2021-08-20,Fall,California,High
20210822ILWER,2021-08-22,Fall,Illinois,Middle
20170813NYHUH,2017-08-13,Summer,New York,null
20210901NCMTW,2021-09-01,Fall,North Carolina,High
20210830NCNEW,2021-08-30,Fall,North Carolina,High
20210827INHAH,2021-08-27,Fall,Indiana,High
20210826OHNOT,2021-08-26,Fall,Ohio,Elementary
20210826NYHAH,2021-08-26,Fall,New York,Middle
20210828CASAS,2021-08-28,Fall,California,High
20210902ARLIL,2021-09-02,Fall,Arkansas,High
20210907PAHAH,2021-09-07,Fall,Pennsylvania,High
20210907TNLAL,2021-09-07,Fall,Tennessee,High
20210907MAOMG,2021-09-07,Fall,Massachusetts,Middle
20210908MNPRB,2021-09-09,Fall,Minnesota,High
20210909ILCHC,2021-09-09,Fall,Illinois,Elementary
20210909MITRF,2021-09-09,Fall,Michigan,6-12
20210902INWEG,2021-09-02,Fall,Indiana,High
20210903CAMTH,2021-09-03,Fall,California,High
20210909NCSHE,2021-09-09,null,North Carolina,Elementary
20210910CONOA,2021-09-10,Fall,California,High
20210910CASTP,2021-09-10,Fall,California,Elementary
20210903NVDEL,2021-09-03,Fall,Nevada,High
20210901ILFRC,2021-09-01,Fall,Illinois,Elementary
20210827VTEDB,2021-08-27,Fall,Vermont,Middle
20210826WAAKS,2021-08-26,Fall,Washington,Middle
20210827KYAPO,2021-08-27,Fall,Kentucky,High
20030410CAWAW,2003-04-10,Spring,California,High
20210915KYMAL,2021-09-15,Fall,Kentucky,Elementary
20210915ILCEC,2021-09-15,Fall,Illinois,High
20210908ILCEC,2021-09-08,Fall,Illinois,High
20210916WIORM,2021-09-16,Fall,Wisconsin,Elementary
20210916UTPRP,2021-09-16,Fall,Utah,High
20210917NCPAW,2021-09-17,Fall,North Carolina,High
20210917VAHEH,2021-09-17,Fall,Virginia,High
20210917PAWEP,2021-09-17,Fall,Pennsylvania,High
20210917GASWS,2021-09-17,Fall,Georgia,High
20210918COWIC,2021-09-18,Fall,Colorado,High
20210917TNAUK,2021-09-17,Fall,Tennessee,High
20210914MOMCH,2021-09-14,Fall,Missouri,Elementary
20210914TNLAL,2021-09-14,Fall,Tennessee,High
20210913SCEDC,2021-09-13,Fall,South Carolina,Elementary
20210902CASAL,2021-09-02,Fall,California,High
20210920OHEAC,2021-09-20,Fall,Ohio,Elementary
20210916OHBEC,2021-09-16,Fall,Ohio,High
20210921GAFRA,2021-09-21,Fall,Georgia,Elementary
20210921PAVAP,2021-09-21,Fall,Pennsylvania,High
20210920VAHEN,2021-09-20,Fall,Virginia,High
20210921OHMIM,2021-09-21,Fall,Ohio,High
20210921KSEAW,2021-09-21,Fall,Kansas,High
20210922NYSOB,2021-09-22,Fall,New York,High
20210922CTLIN,2021-09-22,Fall,Connecticut,Elementary
20210921FLLAL,2021-09-21,Fall,Florida,Elementary
20210915VASPS,2021-09-15,Fall,Virginia,Elementary
20210924MDWIB,2021-09-24,Fall,Maryland,K-8
20210924ALFAF,2021-09-24,Fall,Alabama,High
20210924VAESE,2021-09-24,Fall,Virginia,High
20210903NCJUC,2021-09-03,Fall,North Carolina,High
20210903CABUB,2021-09-03,Fall,California,null
20210927ILCAC,2021-09-27,Fall,Illinois,Elementary
20210827PAACS,2021-08-27,Fall,Pennsylvania,High
20210902GAWOS,2021-09-02,Fall,Georgia,High
20210902NMALA,2021-09-02,Fall,New Mexico,K-8
20210928MESOS,2021-09-28,Fall,Maine,High
20210902CASAL,2021-09-02,Fall,California,High
20210830FLOKW,2021-08-30,Fall,Florida,Middle
20210830MDNEO,2021-08-30,Fall,Maryland,High
20210830NJWEN,2021-08-30,Fall,New Jersey,High
20210929OHSHS,2021-09-29,Fall,Ohio,Middle
20210924TNSTS,2021-09-24,Fall,Florida,High
20210930TNCUM,2021-09-30,Fall,Tennessee,K-8
20210827VAFRW,2021-08-27,Fall,Virginia,High
20210930MSNEN,2021-09-30,Fall,Mississippi,Elementary
20190809NJWEN,2019-08-09,Fall,New Jersey,High
20211001TXYEH,2021-10-01,Fall,Texas,High
20211001INBEI,2021-10-01,Fall,Indiana,High
20211001NCSEF,2021-10-01,Fall,North Carolina,High
20211001NJCHC,2021-10-01,Fall,New Jersey,High
20211001NCNOD,2021-10-01,Fall,North Carolina,High
20211004PASCP,2021-10-04,Fall,Pennsylvania,High
20211004OHWOT,2021-10-04,Fall,Ohio,High
20211005NDHEH,2021-10-05,Fall,North Dakota,K-12
20211005NCGAC,2021-10-05,Fall,North Carolina,High
20210923IDRIR,2021-09-23,Fall,Idaho,Middle
20211004ILLAC,2021-10-04,Fall,Idaho,High
20211006TXTIA,2021-10-06,Fall,Texas,High
20211007PAANP,2021-10-07,Fall,Pennsylvania,K-8
20211007DCWAW,2021-10-07,Fall,Washington,Elementary
20211007TXEAW,2021-10-07,Fall,Texas,High
20211012ILWEC,2021-10-12,Fall,Illinois,High
20211012ARLIL,2021-10-12,Fall,Arkansas,High
20211007NCEAD,2021-10-07,Fall,North Carolina,Elementary
20211012OKUNT,2021-10-12,Fall,Oklahoma,High
20211013ILMCC,2021-10-13,Fall,Illinois,Elementary
20211008OKCOC,2021-10-08,Fall,Oklahoma,Middle
20211012MIELK,2021-10-12,Fall,Michigan,Elementary
20211015ALWIM,2021-10-15,null,Alabama,6-12
20211014MEREP,2021-10-14,Fall,Maine,Elementary
20211013PACHD,2021-10-13,Fall,Pennsylvania,Elementary
20211015CAKEF,2021-10-15,Fall,California,Elementary
20211018PALIP,2021-10-18,Fall,Pennsylvania,High
20211017ARROR,2021-10-17,null,Arkansas,High
20211021GABES,2021-10-21,Fall,Georgia,6-12
20211022PAPHP,2021-10-22,Fall,Pennsylvania,High
20211021NYPSB,2021-10-21,Fall,New York,Elementary
20211026MSCAN,2021-10-26,Fall,Mississippi,K-12
20211026ILWIC,2021-10-26,null,Illinois,K-12
20211027SCCAS,2021-10-27,Fall,South Carolina,High
20211030PASTM,2021-10-30,Fall,Pennsylvania,High
19920530DCARW,1992-05-30,Spring,Washington,High
20211108NYTHB,2021-11-08,Fall,New York,High
19930912ALFAF,1993-09-12,Fall,Alabama,High
19901110TXJUD,1990-11-10,Fall,Texas,High
20211109NMMEL,2021-11-09,Fall,New Mexico,null
20211106FLOVO,2021-11-06,Fall,Florida,High
19890901VASAV,1989-09-01,Fall,Virginia,High
20211110NYITI,2021-11-10,Fall,New York,High
19871031SCANA,1987-10-31,Fall,South Carolina,High
20211115NYPOP,2021-11-15,Fall,New York,High
20211119COHIA,2021-11-19,Fall,Colorado,High
20211116FLJAJ,2021-11-16,Fall,Florida,null
20211119MDGIB,2021-11-18,Fall,Maryland,Elementary
20211116NYPSB,2021-11-16,Fall,New York,Elementary
20211124ILTHH,2021-11-24,Fall,Illinois,High
20211123OHCLC,2021-11-23,Fall,Ohio,null